ProteinName,Position,Glycopeptide_x,TotalIonCurrent_Urine-1,icPercentageSite_Urine-1,fullIonCurrent_Urine-1,Glycopeptide_y,TotalIonCurrent_Urine-2,icPercentageSite_Urine-2,fullIonCurrent_Urine-2,Glycopeptide,TotalIonCurrent_Urine-3,icPercentageSite_Urine-3,fullIonCurrent_Urine-3
>sp|P07911|UROM_HUMAN Uromodulin OS=Homo sapiens OX=9606 GN=UMOD PE=1 SV=1,232,R.CNTAAPMWLNGTHPSSDEGIVSR.K.HexNAc(6)Hex(7)Fuc(1)NeuAc(4),1354000.0,49.41946433131159,37439560.0,R.CNTAAPMWLNGTHPSSDEGIVSR.K.HexNAc(7)Hex(6)Fuc(1)NeuAc(4),779140.0,40.62856526399422,62013290.0,R.MAETCVPVLRCNTAAPMWLNGTHPSSDEGIVSR.K.HexNAc(7)Hex(4)Fuc(1),994170.0,49.89622430539186,41363250.0
>sp|P07911|UROM_HUMAN Uromodulin OS=Homo sapiens OX=9606 GN=UMOD PE=1 SV=1,322,K.QDFNITDISLLEHR.L.HexNAc(7)Hex(7)Fuc(1)NeuAc(3),481140.0,3.323596751671227,37439560.0,K.QDFNITDISLLEHR.L.HexNAc(6)Hex(7)Fuc(1)NeuAc(4),2043800.0,5.312361269656876,62013290.0,,,,
>sp|P07911|UROM_HUMAN Uromodulin OS=Homo sapiens OX=9606 GN=UMOD PE=1 SV=1,513,R.FALLMTNCYATPSSNATDPLK.Y.HexNAc(6)Hex(7)NeuAc(3),147740.0,47.25693891701719,37439560.0,R.FALLMTNCYATPSSNATDPLK.Y.HexNAc(6)Hex(5)Fuc(1)NeuAc(3),4470800.0,54.059073466348906,62013290.0,R.FALLMTNCYATPSSNATDPLK.Y.HexNAc(6)Hex(7)Fuc(1)NeuAc(3),365050.0,50.10377569460813,41363250.0
>sp|P02763|A1AG1_HUMAN Alpha-1-acid glycoprotein 1 OS=Homo sapiens OX=9606 GN=ORM1 PE=1 SV=1,56,R.NEEYNK.S.HexNAc(5)Hex(6)Fuc(1)NeuAc(3),124512700.0,44.924056842898665,519681450.0,R.NEEYNK.S.HexNAc(5)Hex(6)Fuc(1)NeuAc(3),25912000.0,17.417716571783902,576620360.0,R.NEEYNK.S.HexNAc(5)Hex(6)Fuc(1)NeuAc(3),62728600.0,28.012852619378315,509421450.0
>sp|P02763|A1AG1_HUMAN Alpha-1-acid glycoprotein 1 OS=Homo sapiens OX=9606 GN=ORM1 PE=1 SV=1,93,R.QDQCIYNTTYLNVQR.E.HexNAc(8)Hex(9)Fuc(1)NeuAc(4),439220.0,31.57541220684325,519681450.0,R.QDQCIYNTTYLNVQRENGTISR.Y.HexNAc(11)Hex(11)NeuAc(1); HexNAc(7)Hex(8)Fuc(1),751520.0,23.671085772968546,576620360.0,R.QDQCIYNTTYLNVQR.E.HexNAc(8)Hex(9)Fuc(1)NeuAc(4),829490.0,28.060176892826167,509421450.0
>sp|P02763|A1AG1_HUMAN Alpha-1-acid glycoprotein 1 OS=Homo sapiens OX=9606 GN=ORM1 PE=1 SV=1,103,R.ENGTISR.Y.HexNAc(7)Hex(8)Fuc(1)NeuAc(4),1043700.0,23.500530950258085,519681450.0,R.ENGTISR.Y.HexNAc(7)Hex(8)Fuc(1)NeuAc(4),867700.0,58.91119765524755,576620360.0,R.ENGTISR.Y.HexNAc(6)Hex(7)Fuc(1)NeuAc(4),17418000.0,43.92697048779552,509421450.0
>sp|P00450|CERU_HUMAN Ceruloplasmin OS=Homo sapiens OX=9606 GN=CP PE=1 SV=1,138,K.EHEGAIYPDNTTDFQR.A.HexNAc(5)Hex(6)Fuc(1)NeuAc(3),2552820.0,22.11507095755349,82800910.0,K.EHEGAIYPDNTTDFQR.A.HexNAc(5)Hex(6)Fuc(1)NeuAc(3),1017650.0,25.974883434281182,79182800.0,K.EHEGAIYPDNTTDFQR.A.HexNAc(5)Hex(6)Fuc(1)NeuAc(3),1615010.0,27.772671011631633,60779930.0
>sp|P00450|CERU_HUMAN Ceruloplasmin OS=Homo sapiens OX=9606 GN=CP PE=1 SV=1,358,K.AGLQAFFQVQECNK.S.HexNAc(5)Hex(6)Fuc(1)NeuAc(3),241640.0,9.172532041012593,82800910.0,K.AGLQAFFQVQECNK.S.HexNAc(4)Hex(5)NeuAc(2),7672600.0,9.689730598059175,79182800.0,K.AGLQAFFQVQECNK.S.HexNAc(4)Hex(5)Fuc(1)NeuAc(2),424220.0,9.96578969406513,60779930.0
>sp|P00450|CERU_HUMAN Ceruloplasmin OS=Homo sapiens OX=9606 GN=CP PE=1 SV=1,397,K.ENLTAPGSDSAVFFEQGTTR.I.HexNAc(5)Hex(6)Fuc(1)NeuAc(3),588210.0,31.339365714700477,82800910.0,K.ENLTAPGSDSAVFFEQGTTR.I.HexNAc(5)Hex(7)Fuc(1)NeuAc(2),370030.0,34.77693387957991,79182800.0,K.ENLTAPGSDSAVFFEQGTTR.I.HexNAc(5)Hex(7)Fuc(1)NeuAc(2),281480.0,14.968098844470534,60779930.0
>sp|P00450|CERU_HUMAN Ceruloplasmin OS=Homo sapiens OX=9606 GN=CP PE=1 SV=1,762,K.ELHHLQEQNVSNAFLDK.G.HexNAc(7)Hex(8)Fuc(1)NeuAc(1),130450.0,37.37303128673344,82800910.0,K.ELHHLQEQNVSNAFLDK.G.HexNAc(7)Hex(8)Fuc(1)NeuAc(1),352710.0,29.558452088079733,79182800.0,K.ELHHLQEQNVSNAFLDK.G.HexNAc(5)Hex(6)Fuc(1)NeuAc(3),2712480.0,47.2934404498327,60779930.0
>sp|P10153|RNAS2_HUMAN Non-secretory ribonuclease OS=Homo sapiens OX=9606 GN=RNASE2 PE=1 SV=2,111,K.NCHHSGSQVPLIHCNLTTPSPQNISNCR.Y.HexNAc(5)Hex(4)Fuc(1)NeuAc(1); HexNAc(5)Hex(6)Fuc(1),596960.0,90.57468722240579,126330980.0,R.KNCHHSGSQVPLIHCNLTTPSPQNISNCR.Y.HexNAc(2)Fuc(1); HexNAc(1),1146300.0,96.04073291242644,101715290.0,K.NCHHSGSQVPLIHCNLTTPSPQNISNCR.Y.HexNAc(5)Hex(5)Fuc(1); HexNAc(5)Hex(5)Fuc(1)NeuAc(2),374600.0,94.83492459475983,104469530.0
>sp|P10153|RNAS2_HUMAN Non-secretory ribonuclease OS=Homo sapiens OX=9606 GN=RNASE2 PE=1 SV=2,119,K.NCHHSGSQVPLIHCNLTTPSPQNISNCR.Y.HexNAc(2)Fuc(1),2107390.0,9.42531277759422,126330980.0,K.NCHHSGSQVPLIHCNLTTPSPQNISNCR.Y.HexNAc(5)Hex(5)Fuc(1)NeuAc(1),988980.0,3.959267087573559,101715290.0,K.NCHHSGSQVPLIHCNLTTPSPQNISNCR.Y.HexNAc(5)Hex(5)Fuc(1)NeuAc(1),659260.0,5.165075405240168,104469530.0
>sp|P01877|IGHA2_HUMAN Immunoglobulin heavy constant alpha 2 OS=Homo sapiens OX=9606 GN=IGHA2 PE=1 SV=4,92,K.HYTNSSQDVTVPCR.V.HexNAc(5)Hex(5)Fuc(1)NeuAc(2),1808500.0,70.21298416457529,1242524300.0,K.HYTNSSQDVTVPCR.V.HexNAc(5)Hex(5)Fuc(1)NeuAc(2),28787000.0,59.50616774667999,577428060.0,K.SVTCHVKHYTNSSQDVTVPCR.V.HexNAc(5)Hex(5)NeuAc(1),3308500.0,49.4688871716152,756431550.0
>sp|P01877|IGHA2_HUMAN Immunoglobulin heavy constant alpha 2 OS=Homo sapiens OX=9606 GN=IGHA2 PE=1 SV=4,205,K.TPLTANITK.S.HexNAc(5)Hex(5)Fuc(1)NeuAc(2),3519700.0,29.687356617492313,1242524300.0,K.TPLTANITK.S.HexNAc(5)Hex(5)Fuc(1)NeuAc(2),4028460.0,40.3903145960728,577428060.0,K.TPLTANITK.S.HexNAc(5)Hex(5)Fuc(1)NeuAc(2),7048800.0,50.38281124048831,756431550.0
>sp|P01877|IGHA2_HUMAN Immunoglobulin heavy constant alpha 2 OS=Homo sapiens OX=9606 GN=IGHA2 PE=1 SV=4,327,R.MAGKPTHINVSVVMAEADGTC.Y.HexNAc(4)Hex(5)Fuc(1)NeuAc(1),1238290.0,0.09965921793239779,1242524300.0,R.MAGKPTHINVSVVMAEADGTC.Y.HexNAc(4)Hex(5)Fuc(1)NeuAc(1),597740.0,0.10351765724720757,577428060.0,R.MAGKPTHINVSVVMAEADGTCY.-.HexNAc(5)Hex(4)NeuAc(1),1121800.0,0.1483015878964858,756431550.0
>sp|P05090|APOD_HUMAN Apolipoprotein D OS=Homo sapiens OX=9606 GN=APOD PE=1 SV=1,65,R.CIQANYSLMENGK.I.HexNAc(5)Hex(6)NeuAc(3),647650.0,15.955348894909516,22570550.0,R.CIQANYSLMENGK.I.HexNAc(5)Hex(6)NeuAc(3),1126780.0,22.488774369176433,19513380.0,R.CIQANYSLMENGK.I.HexNAc(5)Hex(6)NeuAc(3),580490.0,16.478066642088926,17576880.0
>sp|P05090|APOD_HUMAN Apolipoprotein D OS=Homo sapiens OX=9606 GN=APOD PE=1 SV=1,98,R.ADGTVNQIEGEATPVNLTEPAK.L.HexNAc(7)Hex(8)Fuc(1)NeuAc(3),525540.0,84.04465110509048,22570550.0,R.ADGTVNQIEGEATPVNLTEPAK.L.HexNAc(7)Hex(8)Fuc(1)NeuAc(3),536070.0,77.51122563082356,19513380.0,R.ADGTVNQIEGEATPVNLTEPAK.L.HexNAc(6)Hex(7)Fuc(1)NeuAc(4),295420.0,83.52193335791107,17576880.0
>sp|P25311|ZA2G_HUMAN Zinc-alpha-2-glycoprotein OS=Homo sapiens OX=9606 GN=AZGP1 PE=1 SV=2,112,K.DIVEYYNDSNGSHVLQGR.F.HexNAc(7)Hex(8)NeuAc(1),302770.0,4.2403932439161425,277901820.0,K.DIVEYYNDSNGSHVLQGR.F.HexNAc(5)Hex(6)Fuc(1)NeuAc(3),3957800.0,8.125454258634852,268968470.0,K.DIVEYYNDSNGSHVLQGR.F.HexNAc(5)Hex(6)Fuc(1)NeuAc(3),7470410.0,13.105451248195546,162382810.0
>sp|P25311|ZA2G_HUMAN Zinc-alpha-2-glycoprotein OS=Homo sapiens OX=9606 GN=AZGP1 PE=1 SV=2,109,K.DIVEYYNDSNGSHVLQGR.F.HexNAc(5)Hex(6)Fuc(1)NeuAc(3),2278010.0,7.453017040334604,277901820.0,K.DIVEYYNDSNGSHVLQGR.F.HexNAc(2)Hex(3); HexNAc(6)Hex(7)NeuAc(4),779340.0,6.1064480903653875,268968470.0,K.DIVEYYNDSNGSHVLQGR.F.HexNAc(5)Hex(6)NeuAc(3),1561450.0,15.270748178332424,162382810.0
>sp|P25311|ZA2G_HUMAN Zinc-alpha-2-glycoprotein OS=Homo sapiens OX=9606 GN=AZGP1 PE=1 SV=2,128,R.FGCEIENNR.S.HexNAc(5)Hex(6)Fuc(1)NeuAc(3),3681730.0,88.30658971574925,277901820.0,R.FGCEIENNR.S.HexNAc(5)Hex(6)Fuc(1)NeuAc(3),1298690.0,85.76809765099976,268968470.0,R.FGCEIENNR.S.HexNAc(5)Hex(6)Fuc(1)NeuAc(3),5749500.0,71.62380057347202,162382810.0
>sp|P02787|TRFE_HUMAN Serotransferrin OS=Homo sapiens OX=9606 GN=TF PE=1 SV=3,432,K.CGLVPVLAENYNK.S.HexNAc(5)Hex(6)Fuc(1)NeuAc(3),565880.0,79.5008430697124,178342310.0,K.CGLVPVLAENYNK.S.HexNAc(5)Hex(6)NeuAc(3),1209510.0,80.51224752140558,92711820.0,,,,
>sp|P02787|TRFE_HUMAN Serotransferrin OS=Homo sapiens OX=9606 GN=TF PE=1 SV=3,630,R.QQQHLFGSNVTDCSGNFCLFR.S.HexNAc(5)Hex(6)Fuc(1)NeuAc(3),432690.0,20.4991569302876,178342310.0,R.QQQHLFGSNVTDCSGNFCLFR.S.HexNAc(5)Hex(6)Fuc(1)NeuAc(3),4448770.0,19.487752478594423,92711820.0,,,,
>sp|P01859|IGHG2_HUMAN Immunoglobulin heavy constant gamma 2 OS=Homo sapiens OX=9606 GN=IGHG2 PE=1 SV=2,176,K.TKPREEQFNSTFR.V.HexNAc(4)Hex(5)Fuc(1),1799700.0,100.0,415579090.0,K.TKPREEQFNSTFR.V.HexNAc(4)Hex(5)Fuc(1),5165600.0,100.0,329947890.0,K.TKPREEQFNSTFR.V.HexNAc(4)Hex(5)Fuc(1)NeuAc(1),1781400.0,100.0,301613950.0
>sp|P00734|THRB_HUMAN Prothrombin OS=Homo sapiens OX=9606 GN=F2 PE=1 SV=2,121,R.GHVNITR.S.HexNAc(4)Hex(5)NeuAc(2),60340700.0,59.78366108884596,114438960.0,R.GHVNITR.S.HexNAc(4)Hex(5)Fuc(1)NeuAc(2),3769100.0,84.77150797219977,339302210.0,R.GHVNITR.S.HexNAc(4)Hex(5)Fuc(1)NeuAc(2),21086000.0,82.36744117111412,209971680.0
>sp|P00734|THRB_HUMAN Prothrombin OS=Homo sapiens OX=9606 GN=F2 PE=1 SV=2,143,R.SRYPHKPEINSTTHPGADLQENFCR.N.HexNAc(4)Hex(5)Fuc(1)NeuAc(2),3407700.0,39.69592173854079,114438960.0,R.SRYPHKPEINSTTHPGADLQENFCR.N.HexNAc(4)Hex(5)Fuc(1)NeuAc(2),3322000.0,15.044829799369714,339302210.0,R.SRYPHKPEINSTTHPGADLQENFCR.N.HexNAc(4)Hex(5)Fuc(1)NeuAc(2),2916020.0,17.350525556589346,209971680.0
>sp|P00734|THRB_HUMAN Prothrombin OS=Homo sapiens OX=9606 GN=F2 PE=1 SV=2,416,K.NFTENDLLVR.I.HexNAc(4)Hex(5)NeuAc(2),595560.0,0.5204171726132429,114438960.0,K.NFTENDLLVR.I.HexNAc(4)Hex(5)NeuAc(2),623170.0,0.18366222843051921,339302210.0,K.NFTENDLLVR.I.HexNAc(4)Hex(5)NeuAc(2),592190.0,0.28203327229653063,209971680.0
>sp|P01042|KNG1_HUMAN Kininogen-1 OS=Homo sapiens OX=9606 GN=KNG1 PE=1 SV=2,48,K.YNSQNQSNNQFVLYR.I.HexNAc(5)Hex(4)Fuc(1)NeuAc(2),573030.0,7.6925205435440125,26020340.0,K.YNSQNQSNNQFVLYR.I.HexNAc(5)Hex(4)Fuc(1)NeuAc(2),832030.0,7.578672885429599,31500370.0,K.YNSQNQSNNQFVLYR.I.HexNAc(5)Hex(4)Fuc(1)NeuAc(2),1067540.0,4.313723430176668,24747530.0
>sp|P01042|KNG1_HUMAN Kininogen-1 OS=Homo sapiens OX=9606 GN=KNG1 PE=1 SV=2,294,K.LNAENNATFYFK.I.HexNAc(5)Hex(4)Fuc(1)NeuAc(2),1750380.0,12.216519845628458,26020340.0,K.LNAENNATFYFK.I.HexNAc(5)Hex(4)Fuc(1)NeuAc(2),2112430.0,14.789604058618993,31500370.0,K.LNAENNATFYFK.I.HexNAc(5)Hex(4)Fuc(1)NeuAc(2),565530.0,5.84215879322098,24747530.0
>sp|P01833|PIGR_HUMAN Polymeric immunoglobulin receptor OS=Homo sapiens OX=9606 GN=PIGR PE=1 SV=4,469,K.VPGNVTAVLGETLK.V.HexNAc(5)Hex(4)Fuc(1)NeuAc(2),1317300.0,29.676419053625697,14079630.0,K.VPGNVTAVLGETLK.V.HexNAc(4)Hex(5)Fuc(1)NeuAc(2),1786500.0,19.488300660890452,12990050.0,K.VPGNVTAVLGETLK.V.HexNAc(5)Hex(4)Fuc(1)NeuAc(2),871850.0,25.83574689509597,10592920.0
>sp|P01833|PIGR_HUMAN Polymeric immunoglobulin receptor OS=Homo sapiens OX=9606 GN=PIGR PE=1 SV=4,499,K.WNNTGCQALPSQDEGPSK.A.HexNAc(5)Hex(5)NeuAc(2),391800.0,70.32358094637429,14079630.0,K.WNNTGCQALPSQDEGPSK.A.HexNAc(5)Hex(5)Fuc(1)NeuAc(1),915510.0,80.51169933910954,12990050.0,K.WNNTGCQALPSQDEGPSK.A.HexNAc(4)Hex(5)Fuc(1)NeuAc(2),396270.0,74.16425310490403,10592920.0
>sp|P01861|IGHG4_HUMAN Immunoglobulin heavy constant gamma 4 OS=Homo sapiens OX=9606 GN=IGHG4 PE=1 SV=1,177,K.TKPREEQFNSTYR.V.HexNAc(4)Hex(4)Fuc(1),2520540.0,100.0,112120780.0,K.TKPREEQFNSTYR.V.HexNAc(4)Hex(5)Fuc(1),1218900.0,100.0,252527240.0,K.PREEQFNSTYR.V.HexNAc(5)Hex(4)Fuc(1),1377900.0,100.0,194536750.0
>sp|P01871|IGHM_HUMAN Immunoglobulin heavy constant mu OS=Homo sapiens OX=9606 GN=IGHM PE=1 SV=4,46,K.NNSDISSTR.G.HexNAc(5)Hex(5)Fuc(1)NeuAc(1),10786000.0,88.23671334750199,36639590.0,K.NNSDISSTR.G.HexNAc(5)Hex(5)Fuc(1)NeuAc(1),11698000.0,86.59593232662569,34163510.0,K.NNSDISSTR.G.HexNAc(5)Hex(5)Fuc(1)NeuAc(1),7817500.0,74.8478851077398,26501350.0
>sp|P01871|IGHM_HUMAN Immunoglobulin heavy constant mu OS=Homo sapiens OX=9606 GN=IGHM PE=1 SV=4,209,R.GLTFQQNASSMCVPDQDTAIR.V.HexNAc(5)Hex(5)Fuc(1)NeuAc(1),2397240.0,11.76328665249802,36639590.0,R.GLTFQQNASSMCVPDQDTAIR.V.HexNAc(4)Hex(5)Fuc(1)NeuAc(2),400140.0,13.404067673374312,34163510.0,R.GLTFQQNASSMCVPDQDTAIR.V.HexNAc(4)Hex(5)Fuc(1)NeuAc(2),597280.0,25.152114892260208,26501350.0
>sp|P13987|CD59_HUMAN CD59 glycoprotein OS=Homo sapiens OX=9606 GN=CD59 PE=1 SV=1,43,K.TAVNCSSDFDACLITK.A.HexNAc(5)Hex(6)Fuc(1)NeuAc(3),2013700.0,100.0,24315490.0,K.TAVNCSSDFDACLITK.A.HexNAc(5)Hex(6)Fuc(1)NeuAc(3),815280.0,100.0,15513440.0,K.TAVNCSSDFDACLITK.A.HexNAc(7)Hex(8)NeuAc(1),231010.0,100.0,23747300.0
>sp|P01876|IGHA1_HUMAN Immunoglobulin heavy constant alpha 1 OS=Homo sapiens OX=9606 GN=IGHA1 PE=1 SV=2,340,R.LAGKPTHVNVSVVMAEVDGTC.Y.HexNAc(6)Hex(6)NeuAc(2),179990.0,100.0,23535550.0,R.LAGKPTHVNVSVVMAEVDGTC.Y.HexNAc(6)Hex(5)Fuc(1)NeuAc(2),976390.0,100.0,22244590.0,R.LAGKPTHVNVSVVMAEVDGTC.Y.HexNAc(6)Hex(6)NeuAc(2),77250.0,100.0,17924730.0
>sp|P10909|CLUS_HUMAN Clusterin OS=Homo sapiens OX=9606 GN=CLU PE=1 SV=1,86,K.KKEDALNETR.E.HexNAc(5)Hex(6)Fuc(1)NeuAc(3),1021600.0,13.501847992727809,26214930.0,K.KKEDALNETR.E.HexNAc(5)Hex(6)Fuc(1)NeuAc(3),1956800.0,26.980527458362857,21691570.0,K.KKEDALNETR.E.HexNAc(4)Hex(5)NeuAc(2),1037000.0,10.703612030886912,18229080.0
>sp|P10909|CLUS_HUMAN Clusterin OS=Homo sapiens OX=9606 GN=CLU PE=1 SV=1,291,R.EIRHNSTGCLR.M.HexNAc(4)Hex(5)Fuc(1)NeuAc(2),1296500.0,76.88977235491379,26214930.0,R.HNSTGCLR.M.HexNAc(4)Hex(5)Fuc(1)NeuAc(2),9114300.0,63.13696979978858,21691570.0,R.HNSTGCLR.M.HexNAc(4)Hex(5)Fuc(1)NeuAc(2),5404500.0,87.80201743587718,18229080.0
>sp|P10909|CLUS_HUMAN Clusterin OS=Homo sapiens OX=9606 GN=CLU PE=1 SV=1,374,R.LANLTQGEDQYYLR.V.HexNAc(5)Hex(4)Fuc(1)NeuAc(2),1896760.0,9.608379652358408,26214930.0,R.LANLTQGEDQYYLR.V.HexNAc(5)Hex(4)Fuc(1)NeuAc(2),1894060.0,9.882502741848562,21691570.0,R.LANLTQGEDQYYLR.V.HexNAc(6)Hex(3)Fuc(1)NeuAc(1),272410.0,1.4943705332359065,18229080.0
>sp|P00738|HPT_HUMAN Haptoglobin OS=Homo sapiens OX=9606 GN=HP PE=1 SV=1,184,K.MVSHHNLTTGATLINEQWLLTTAK.N.HexNAc(4)Hex(7)NeuAc(1),1034300.0,7.752269167060163,13341900.0,,,,,,,,
>sp|P00738|HPT_HUMAN Haptoglobin OS=Homo sapiens OX=9606 GN=HP PE=1 SV=1,207,K.NLFLNHSENATAK.D.HexNAc(5)Hex(6)NeuAc(3); HexNAc(3)Hex(4)NeuAc(1),2277800.0,49.35473957981997,13341900.0,K.NLFLNHSENATAK.D.HexNAc(4)Hex(5)Fuc(1)NeuAc(2); HexNAc(5)Hex(6)NeuAc(3),648560.0,22.870467045552903,27612510.0,K.NLFLNHSENATAK.D.HexNAc(5)Hex(6)Fuc(1)NeuAc(3); HexNAc(4)Hex(5)NeuAc(2),462360.0,24.869738230551324,21028810.0
>sp|P00738|HPT_HUMAN Haptoglobin OS=Homo sapiens OX=9606 GN=HP PE=1 SV=1,241,K.VVLHPNYSQVDIGLIK.L.HexNAc(5)Hex(6)Fuc(1)NeuAc(3),311990.0,42.892991253119874,13341900.0,K.VVLHPNYSQVDIGLIK.L.HexNAc(5)Hex(6)NeuAc(3),378690.0,77.1295329544471,27612510.0,K.VVLHPNYSQVDIGLIK.L.HexNAc(5)Hex(6)Fuc(1)NeuAc(3),254900.0,75.13026176944868,21028810.0
>sp|P0DOX5|IGG1_HUMAN Immunoglobulin gamma-1 heavy chain OS=Homo sapiens OX=9606 PE=1 SV=2,299,K.PREEQYNSTYR.V.HexNAc(4)Hex(5)Fuc(1),3130800.0,100.0,108213450.0,K.PREEQYNSTYR.V.HexNAc(4)Hex(4)Fuc(1),4864300.0,100.0,59908600.0,K.PREEQYNSTYR.V.HexNAc(4)Hex(5)Fuc(1),2758900.0,100.0,13735700.0
>sp|P07998|RNAS1_HUMAN Ribonuclease pancreatic OS=Homo sapiens OX=9606 GN=RNASE1 PE=1 SV=4,62,R.RNMTQGR.C.HexNAc(4)Hex(5)Fuc(1)NeuAc(2),17743000.0,90.39380206143905,92941870.0,R.NMTQGR.C.HexNAc(5)Hex(6)Fuc(1)NeuAc(2),1584600.0,89.85597776990338,42839220.0,R.NMTQGR.C.HexNAc(4)Hex(5)Fuc(1)NeuAc(2),44151100.0,95.90046168051708,54150000.0
>sp|P07998|RNAS1_HUMAN Ribonuclease pancreatic OS=Homo sapiens OX=9606 GN=RNASE1 PE=1 SV=4,104,K.SNSSMHITDCR.L.HexNAc(8)Hex(9)Fuc(1)NeuAc(3),1307900.0,9.606197938560951,92941870.0,K.SNSSMHITDCR.L.HexNAc(8)Hex(9)Fuc(1)NeuAc(3),1225700.0,10.144022230096626,42839220.0,K.SNSSMHITDCR.L.HexNAc(7)Hex(8)Fuc(1)NeuAc(2),640310.0,4.099538319482917,54150000.0
>sp|O60494|CUBN_HUMAN Cubilin OS=Homo sapiens OX=9606 GN=CUBN PE=1 SV=5,781,K.VCGNGTISHIK.S.HexNAc(5)Hex(5)Fuc(1),1306100.0,7.614549088218816,17152690.0,,,,,,,,
>sp|O60494|CUBN_HUMAN Cubilin OS=Homo sapiens OX=9606 GN=CUBN PE=1 SV=5,1802,R.EGNATGHLVGR.Y.HexNAc(6)Hex(6)Fuc(1)NeuAc(1),1201500.0,46.13620370915582,17152690.0,R.EGNATGHLVGR.Y.HexNAc(5)Hex(5)Fuc(1),6389900.0,55.628683607998816,11486700.0,R.EGNATGHLVGR.Y.HexNAc(5)Hex(5)Fuc(1),1101900.0,14.06017330544862,7837030.0
>sp|O60494|CUBN_HUMAN Cubilin OS=Homo sapiens OX=9606 GN=CUBN PE=1 SV=5,2531,K.LCSSVNVSNEIK.S.HexNAc(5)Hex(5)Fuc(1),829570.0,4.836384263925949,17152690.0,K.LCSSVNVSNEIK.S.HexNAc(5)Hex(5)Fuc(1),1392600.0,12.12358640862911,11486700.0,K.LCSSVNVSNEIK.S.HexNAc(6)Hex(6)Fuc(1),569950.0,7.2725254337421195,7837030.0
>sp|O60494|CUBN_HUMAN Cubilin OS=Homo sapiens OX=9606 GN=CUBN PE=1 SV=5,2923,R.CGSNFTGPSGYIISPNYPK.Q.HexNAc(2)Hex(8),575480.0,10.111475226334761,17152690.0,R.CGSNFTGPSGYIISPNYPK.Q.HexNAc(2)Hex(8),919770.0,18.59367790575187,11486700.0,R.CGSNFTGPSGYIISPNYPK.Q.HexNAc(2)Hex(8),1143730.0,33.740332753606914,7837030.0
>sp|O60494|CUBN_HUMAN Cubilin OS=Homo sapiens OX=9606 GN=CUBN PE=1 SV=5,3125,K.SSNNSMLLVFK.T.HexNAc(6)Hex(6)Fuc(1),2213730.0,12.906022320697218,17152690.0,,,,,,,,
>sp|O60494|CUBN_HUMAN Cubilin OS=Homo sapiens OX=9606 GN=CUBN PE=1 SV=5,3457,R.NGSNSNSPLLGK.Y.HexNAc(6)Hex(5)Fuc(1),1911500.0,18.39536539166743,17152690.0,R.NGSNSNSPLLGK.Y.HexNAc(6)Hex(5)Fuc(1),1568400.0,13.654052077620204,11486700.0,R.NGSNSNSPLLGK.Y.HexNAc(6)Hex(5)Fuc(1),1270000.0,44.926968507202346,7837030.0
>sp|Q6EMK4|VASN_HUMAN Vasorin OS=Homo sapiens OX=9606 GN=VASN PE=1 SV=1,117,R.LHEITNETFR.G.HexNAc(5)Hex(6)NeuAc(3),441580.0,90.87673569321129,23264480.0,R.LHEITNETFR.G.HexNAc(5)Hex(6)Fuc(1)NeuAc(2),470440.0,100.0,10304620.0,R.LHEITNETFR.G.HexNAc(5)Hex(6)Fuc(1)NeuAc(2),1230100.0,87.6559556930308,18518080.0
>sp|Q6EMK4|VASN_HUMAN Vasorin OS=Homo sapiens OX=9606 GN=VASN PE=1 SV=1,500,R.NLSGPDKR.L.HexNAc(4)Hex(5)NeuAc(2),1244300.0,9.123264306788718,23264480.0,,,,,R.NLSGPDKR.L.HexNAc(3)Hex(6)NeuAc(1),1417500.0,12.344044306969188,18518080.0
>sp|Q08380|LG3BP_HUMAN Galectin-3-binding protein OS=Homo sapiens OX=9606 GN=LGALS3BP PE=1 SV=1,69,R.ALGFENATQALGR.A.HexNAc(6)Hex(6)NeuAc(2),1606860.0,17.15143894644485,9368660.0,R.ALGFENATQALGR.A.HexNAc(6)Hex(6)NeuAc(2),708070.0,6.611939908263734,10708960.0,R.ALGFENATQALGR.A.HexNAc(6)Hex(6)NeuAc(2),1328230.0,31.93382572151217,4159320.0
>sp|Q08380|LG3BP_HUMAN Galectin-3-binding protein OS=Homo sapiens OX=9606 GN=LGALS3BP PE=1 SV=1,551,K.AAIPSALDTNSSK.S.HexNAc(6)Hex(6)Fuc(1),2527700.0,82.84856105355514,9368660.0,K.AAIPSALDTNSSK.S.HexNAc(6)Hex(7)Fuc(1),591140.0,93.38806009173626,10708960.0,K.AAIPSALDTNSSK.S.HexNAc(6)Hex(6)NeuAc(2),579910.0,68.06617427848784,4159320.0
>sp|P16444|DPEP1_HUMAN Dipeptidase 1 OS=Homo sapiens OX=9606 GN=DPEP1 PE=1 SV=3,57,R.ANLTTLAGTHTNIPK.L.HexNAc(6)Hex(6)Fuc(1)NeuAc(2),231820.0,66.89759513753648,11414790.0,R.ANLTTLAGTHTNIPK.L.HexNAc(6)Hex(6)Fuc(1)NeuAc(2),314720.0,79.12663911697884,8384850.0,R.ANLTTLAGTHTNIPK.L.HexNAc(6)Hex(6)Fuc(1)NeuAc(2),340570.0,59.69560436269036,7011270.0
>sp|P16444|DPEP1_HUMAN Dipeptidase 1 OS=Homo sapiens OX=9606 GN=DPEP1 PE=1 SV=3,279,K.ANLSQVADHLDHIK.E.HexNAc(5)Hex(5)Fuc(1),1605100.0,22.200758840066264,11414790.0,K.ANLSQVADHLDHIK.E.HexNAc(5)Hex(5)Fuc(1),1180200.0,20.873360883021164,8384850.0,K.ANLSQVADHLDHIK.E.HexNAc(5)Hex(5)Fuc(1),1677350.0,23.923625819573342,7011270.0
>sp|P16444|DPEP1_HUMAN Dipeptidase 1 OS=Homo sapiens OX=9606 GN=DPEP1 PE=1 SV=3,332,R.RNWTEAEVK.G.HexNAc(6)Hex(6)Fuc(1)NeuAc(2),1244400.0,10.901646022397259,11414790.0,,,,,R.RNWTEAEVK.G.HexNAc(6)Hex(6)Fuc(1)NeuAc(2),1148500.0,16.3807698177363,7011270.0
>sp|O75882|ATRN_HUMAN Attractin OS=Homo sapiens OX=9606 GN=ATRN PE=1 SV=2,731,R.NHSCSEGQISIFR.Y.HexNAc(4)Hex(5)Fuc(1)NeuAc(2),780700.0,76.7429107912473,13111830.0,R.NHSCSEGQISIFR.Y.HexNAc(4)Hex(5)NeuAc(2),4212100.0,56.89604929020441,8647560.0,R.NHSCSEGQISIFR.Y.HexNAc(4)Hex(5)Fuc(1)NeuAc(2),1600730.0,63.84875756866803,9318020.0
>sp|P15309|PPAP_HUMAN Prostatic acid phosphatase OS=Homo sapiens OX=9606 GN=ACPP PE=1 SV=3,94,K.FLNESYK.H.HexNAc(4)Hex(5)Fuc(1)NeuAc(1),2976200.0,37.64030378338044,7906950.0,K.FLNESYK.H.HexNAc(5)Hex(6)Fuc(1)NeuAc(1),1307100.0,59.03213066144928,16457800.0,K.FLNESYK.H.HexNAc(5)Hex(6)Fuc(1)NeuAc(2),1123600.0,61.411230679865135,16698900.0
>sp|P15309|PPAP_HUMAN Prostatic acid phosphatase OS=Homo sapiens OX=9606 GN=ACPP PE=1 SV=3,333,R.NETQHEPYPLMLPGCSPSCPLER.F.HexNAc(2)Hex(8),207920.0,62.359696216619554,7906950.0,R.NETQHEPYPLMLPGCSPSCPLER.F.HexNAc(3)Hex(5),652050.0,40.96786933855071,16457800.0,R.NETQHEPYPLMLPGCSPSCPLER.F.HexNAc(2)Hex(7),581430.0,38.58876932013486,16698900.0
>sp|Q96FE7|P3IP1_HUMAN Phosphoinositide-3-kinase-interacting protein 1 OS=Homo sapiens OX=9606 GN=PIK3IP1 PE=1 SV=2,66,R.CLNWLDAQSGLASAPVSGAGNHSYCR.N.HexNAc(5)Hex(6)Fuc(1)NeuAc(2),479480.0,100.0,8057080.0,R.CLNWLDAQSGLASAPVSGAGNHSYCR.N.HexNAc(5)Hex(6)Fuc(1)NeuAc(3),755880.0,100.0,7834440.0,R.CLNWLDAQSGLASAPVSGAGNHSYCR.N.HexNAc(4)Hex(5)Fuc(1)NeuAc(2),3648250.0,100.0,4278530.0
>sp|P02790|HEMO_HUMAN Hemopexin OS=Homo sapiens OX=9606 GN=HPX PE=1 SV=2,187,R.SWPAVGNCSSALR.W.HexNAc(4)Hex(5)Fuc(1)NeuAc(2),2191020.0,52.4089327374939,16480950.0,R.SWPAVGNCSSALR.W.HexNAc(5)Hex(6)NeuAc(3),401070.0,46.240977048428036,21442540.0,R.SWPAVGNCSSALR.W.HexNAc(4)Hex(5)Fuc(1)NeuAc(2),2766180.0,68.38104982801693,16888290.0
>sp|P02790|HEMO_HUMAN Hemopexin OS=Homo sapiens OX=9606 GN=HPX PE=1 SV=2,453,K.ALPQPQNVTSLLGCTH.-.HexNAc(4)Hex(5)NeuAc(2),7228600.0,47.5910672625061,16480950.0,K.ALPQPQNVTSLLGCTH.-.HexNAc(4)Hex(5)NeuAc(2),11527300.0,53.759022951571964,21442540.0,K.ALPQPQNVTSLLGCTH.-.HexNAc(4)Hex(5)NeuAc(2),5339900.0,31.618950171983073,16888290.0
>sp|P02749|APOH_HUMAN Beta-2-glycoprotein 1 OS=Homo sapiens OX=9606 GN=APOH PE=1 SV=3,162,R.VYKPSAGNNSLYR.D.HexNAc(5)Hex(6)Fuc(1)NeuAc(3),227030.0,79.41684794967841,23306100.0,R.VYKPSAGNNSLYR.D.HexNAc(4)Hex(5)NeuAc(2),3286100.0,70.88704083385062,20845940.0,R.VYKPSAGNNSLYR.D.HexNAc(4)Hex(5)NeuAc(2),7422600.0,68.30232809962101,20778750.0
>sp|P02749|APOH_HUMAN Beta-2-glycoprotein 1 OS=Homo sapiens OX=9606 GN=APOH PE=1 SV=3,253,K.LGNWSAMPSCK.A.HexNAc(4)Hex(5)NeuAc(2),4210270.0,20.58315205032159,23306100.0,K.LGNWSAMPSCK.A.HexNAc(4)Hex(5)NeuAc(2),4985900.0,29.112959166149377,20845940.0,K.LGNWSAMPSCK.A.HexNAc(4)Hex(5)NeuAc(2),5959100.0,31.697671900378992,20778750.0
>sp|Q16769|QPCT_HUMAN Glutaminyl-peptide cyclotransferase OS=Homo sapiens OX=9606 GN=QPCT PE=1 SV=1,49,K.NYHQPAILNSSALR.Q.HexNAc(5)Hex(5)Fuc(1)NeuAc(2),732920.0,100.0,6526380.0,K.NYHQPAILNSSALR.Q.HexNAc(5)Hex(5)Fuc(1)NeuAc(2),828490.0,100.0,9698230.0,K.NYHQPAILNSSALR.Q.HexNAc(5)Hex(5)Fuc(1)NeuAc(2),360940.0,100.0,6136300.0
>sp|P30530|UFO_HUMAN Tyrosine-protein kinase receptor UFO OS=Homo sapiens OX=9606 GN=AXL PE=1 SV=4,198,R.SLHVPGLNK.T.HexNAc(5)Hex(6)Fuc(1)NeuAc(1),3567000.0,72.3492770445223,19039900.0,R.SLHVPGLNK.T.HexNAc(5)Hex(6)Fuc(1)NeuAc(1),824150.0,78.38345216482927,19719800.0,R.SLHVPGLNK.T.HexNAc(4)Hex(5)Fuc(1)NeuAc(1),10447500.0,74.18182751935495,14798530.0
>sp|P30530|UFO_HUMAN Tyrosine-protein kinase receptor UFO OS=Homo sapiens OX=9606 GN=AXL PE=1 SV=4,345,R.NGSQAFVHWQEPR.A.HexNAc(6)Hex(7)Fuc(1)NeuAc(1),514530.0,27.650722955477708,19039900.0,R.NGSQAFVHWQEPR.A.HexNAc(5)Hex(6)Fuc(1)NeuAc(1),1719100.0,21.616547835170742,19719800.0,R.NGSQAFVHWQEPR.A.HexNAc(5)Hex(6)Fuc(1)NeuAc(1),2029610.0,25.818172480645035,14798530.0
>sp|P41222|PTGDS_HUMAN Prostaglandin-H2 D-isomerase OS=Homo sapiens OX=9606 GN=PTGDS PE=1 SV=1,51,R.WFSAGLASNSSWLR.E.HexNAc(5)Hex(6)Fuc(1)NeuAc(2),284340.0,14.599762348832012,7919170.0,R.WFSAGLASNSSWLR.E.HexNAc(5)Hex(4)Fuc(1)NeuAc(2),506440.0,16.69650304462929,3033210.0,R.WFSAGLASNSSWLR.E.HexNAc(5)Hex(6)Fuc(1)NeuAc(2),696120.0,35.07836097918171,9832700.0
>sp|P41222|PTGDS_HUMAN Prostaglandin-H2 D-isomerase OS=Homo sapiens OX=9606 GN=PTGDS PE=1 SV=1,78,K.SVVAPATDGGLNLTSTFLR.K.HexNAc(5)Hex(6)Fuc(1)NeuAc(2),735260.0,85.40023765116798,7919170.0,K.SVVAPATDGGLNLTSTFLR.K.HexNAc(7)Hex(8),344110.0,83.30349695537072,3033210.0,K.SVVAPATDGGLNLTSTFLR.K.HexNAc(5)Hex(6)Fuc(1)NeuAc(2),228480.0,64.92163902081829,9832700.0
>sp|P01591|IGJ_HUMAN Immunoglobulin J chain OS=Homo sapiens OX=9606 GN=JCHAIN PE=1 SV=4,71,R.IIVPLNNRENISDPTSPLR.T.HexNAc(4)Hex(5)Fuc(1)NeuAc(2),373260.0,100.0,5160740.0,R.IIVPLNNRENISDPTSPLR.T.HexNAc(4)Hex(5)Fuc(1)NeuAc(1),781730.0,100.0,4357730.0,R.IIVPLNNRENISDPTSPLR.T.HexNAc(4)Hex(5)Fuc(1)NeuAc(2),1016440.0,100.0,5835490.0
>sp|P07602|SAP_HUMAN Prosaposin OS=Homo sapiens OX=9606 GN=PSAP PE=1 SV=2,101,K.TCDWLPKPNMSASCK.E.HexNAc(3)Hex(4)Fuc(1)NeuAc(1),5011920.0,100.0,5863240.0,K.TCDWLPKPNMSASCK.E.HexNAc(4)Hex(5)Fuc(1)NeuAc(2),407450.0,100.0,5635710.0,K.TCDWLPKPNMSASCK.E.HexNAc(4)Hex(5)Fuc(1)NeuAc(2),417770.0,100.0,7219230.0
>sp|P11279|LAMP1_HUMAN Lysosome-associated membrane glycoprotein 1 OS=Homo sapiens OX=9606 GN=LAMP1 PE=1 SV=3,261,R.LLNINPNK.T.HexNAc(7)Hex(7)Fuc(1),800840.0,25.555119133461133,5117370.0,R.LLNINPNK.T.HexNAc(4)Hex(5)NeuAc(2),235350.0,7.763457814752384,3031510.0,R.LLNINPNK.T.HexNAc(6)Hex(6)Fuc(1),479690.0,14.542362296389042,3298570.0
>sp|P01024|CO3_HUMAN Complement C3 OS=Homo sapiens OX=9606 GN=C3 PE=1 SV=2,85,K.TVLTPATNHMGNVTFTIPANR.E.HexNAc(3)Hex(5),384580.0,100.0,6267920.0,K.TVLTPATNHMGNVTFTIPANR.E.HexNAc(2)Hex(7),836870.0,100.0,3794610.0,K.TVLTPATNHMGNVTFTIPANR.E.HexNAc(3)Hex(5),522290.0,100.0,5424780.0
>sp|P43652|AFAM_HUMAN Afamin OS=Homo sapiens OX=9606 GN=AFM PE=1 SV=1,33,R.DIENFNSTQK.F.HexNAc(4)Hex(5)Fuc(1)NeuAc(2),639410.0,27.46655746061067,27544260.0,R.DIENFNSTQK.F.HexNAc(4)Hex(5)Fuc(1)NeuAc(2),681580.0,66.86118068963349,30517080.0,R.DIENFNSTQK.F.HexNAc(4)Hex(5)Fuc(1)NeuAc(2),1634970.0,96.39526394901866,20437280.0
>sp|P43652|AFAM_HUMAN Afamin OS=Homo sapiens OX=9606 GN=AFM PE=1 SV=1,402,R.YAEDKFNETTEK.S.HexNAc(4)Hex(5)NeuAc(2),11408000.0,41.41697762074566,27544260.0,R.YAEDKFNETTEK.S.HexNAc(4)Hex(5)NeuAc(2),10113000.0,33.13881931036652,30517080.0,R.YAEDKFNETTEK.S.HexNAc(4)Hex(5)NeuAc(1),736710.0,3.6047360509813444,20437280.0
>sp|P34059|GALNS_HUMAN N-acetylgalactosamine-6-sulfatase OS=Homo sapiens OX=9606 GN=GALNS PE=1 SV=1,423,R.QGIDFCPGQNVSGVTTHNLEDHTK.L.HexNAc(2)Hex(8),1027900.0,100.0,1652960.0,,,,,,,,
>sp|P15144|AMPN_HUMAN Aminopeptidase N OS=Homo sapiens OX=9606 GN=ANPEP PE=1 SV=4,234,K.AEFNITLIHPK.D.HexNAc(6)Hex(5)Fuc(1),1363200.0,26.48054654977826,5147930.0,,,,,K.AEFNITLIHPK.D.HexNAc(6)Hex(5)Fuc(1),1189400.0,4.908308634975186,24232380.0
>sp|P11117|PPAL_HUMAN Lysosomal acid phosphatase OS=Homo sapiens OX=9606 GN=ACP2 PE=1 SV=3,167,R.YEQLQNETR.Q.HexNAc(2)Hex(8),1476400.0,77.24015938372847,4364310.0,,,,,,,,
>sp|Q9NZP8|C1RL_HUMAN Complement C1r subcomponent-like protein OS=Homo sapiens OX=9606 GN=C1RL PE=1 SV=2,147,R.TQPSSENK.T.HexNAc(4)Hex(5)NeuAc(2),1448200.0,33.78222339375815,4286870.0,R.TQPSSENK.T.HexNAc(4)Hex(5)NeuAc(2),1604600.0,11.516212841086885,13933400.0,,,,
>sp|Q9NZP8|C1RL_HUMAN Complement C1r subcomponent-like protein OS=Homo sapiens OX=9606 GN=C1RL PE=1 SV=2,242,R.PVTPIAQNQTTLGSSR.A.HexNAc(4)Hex(5)Fuc(1)NeuAc(2),578360.0,66.21777660624186,4286870.0,R.PVTPIAQNQTTLGSSR.A.HexNAc(4)Hex(5)Fuc(1)NeuAc(2),1199300.0,88.48378715891312,13933400.0,R.PVTPIAQNQTTLGSSR.A.HexNAc(4)Hex(5)NeuAc(2),3016440.0,100.0,4092240.0
>sp|P12109|CO6A1_HUMAN Collagen alpha-1(VI) chain OS=Homo sapiens OX=9606 GN=COL6A1 PE=1 SV=3,212,R.RNFTAADWGQSR.D.HexNAc(4)Hex(5)Fuc(1)NeuAc(2),715310.0,100.0,2928850.0,R.NFTAADWGQSR.D.HexNAc(6)Hex(3)Fuc(1)NeuAc(1),446680.0,100.0,2225180.0,R.NFTAADWGQSR.D.HexNAc(6)Hex(3)Fuc(1)NeuAc(1),480740.0,100.0,1111250.0
>sp|Q9ULV1|FZD4_HUMAN Frizzled-4 OS=Homo sapiens OX=9606 GN=FZD4 PE=1 SV=2,59,R.ISMCQNLGYNVTK.M.HexNAc(4)Hex(5)Fuc(1)NeuAc(2),2950590.0,68.02826643303437,4337300.0,R.ISMCQNLGYNVTK.M.HexNAc(4)Hex(5)Fuc(1)NeuAc(2),3074710.0,70.13036795545979,5374020.0,R.ISMCQNLGYNVTK.M.HexNAc(4)Hex(5)Fuc(1)NeuAc(2),3463120.0,92.32549273658421,3750990.0
>sp|Q9ULV1|FZD4_HUMAN Frizzled-4 OS=Homo sapiens OX=9606 GN=FZD4 PE=1 SV=2,144,K.EFGFAWPESLNCSK.F.HexNAc(4)Hex(5)Fuc(1)NeuAc(2),1386710.0,31.97173356696562,4337300.0,K.EFGFAWPESLNCSK.F.HexNAc(4)Hex(5)Fuc(1)NeuAc(2),1605200.0,29.86963204454021,5374020.0,K.EFGFAWPESLNCSK.F.HexNAc(4)Hex(5)Fuc(1)NeuAc(2),287870.0,7.674507263415792,3750990.0
">sp|O43451|MGA_HUMAN Maltase-glucoamylase, intestinal OS=Homo sapiens OX=9606 GN=MGAM PE=1 SV=5",827,R.GGYIFPTQQPNTTTLASR.K.HexNAc(6)Hex(6)Fuc(1)NeuAc(1),395460.0,100.0,2005110.0,,,,,R.GGYIFPTQQPNTTTLASR.K.HexNAc(6)Hex(6)Fuc(1)NeuAc(1),832460.0,100.0,1401930.0
>sp|P02750|A2GL_HUMAN Leucine-rich alpha-2-glycoprotein OS=Homo sapiens OX=9606 GN=LRG1 PE=1 SV=2,325,K.MFSQNDTR.C.HexNAc(5)Hex(6)Fuc(1)NeuAc(3),3783600.0,100.0,24484300.0,K.MFSQNDTR.C.HexNAc(4)Hex(5)Fuc(1)NeuAc(2),1936100.0,100.0,12307100.0,K.MFSQNDTR.C.HexNAc(5)Hex(6)Fuc(1)NeuAc(3),3065400.0,85.21633727674401,23017300.0
>sp|Q9H3G5|CPVL_HUMAN Probable serine carboxypeptidase CPVL OS=Homo sapiens OX=9606 GN=CPVL PE=1 SV=2,346,R.QAIHVGNQTFNDGTIVEK.Y.HexNAc(2)Hex(6),524620.0,100.0,1544890.0,R.QAIHVGNQTFNDGTIVEK.Y.HexNAc(2)Hex(6),1031270.0,100.0,1821360.0,R.QAIHVGNQTFNDGTIVEK.Y.HexNAc(2)Hex(5)Fuc(1),325760.0,100.0,694770.0
>sp|Q9Y5Y7|LYVE1_HUMAN Lymphatic vessel endothelial hyaluronic acid receptor 1 OS=Homo sapiens OX=9606 GN=LYVE1 PE=1 SV=2,53,K.ANQQLNFTEAK.E.HexNAc(6)Hex(7)NeuAc(2),820470.0,100.0,2392630.0,K.ANQQLNFTEAK.E.HexNAc(5)Hex(6)NeuAc(1),3606500.0,100.0,4845610.0,K.ANQQLNFTEAK.E.HexNAc(6)Hex(7)NeuAc(2),381970.0,100.0,4740670.0
>sp|P05543|THBG_HUMAN Thyroxine-binding globulin OS=Homo sapiens OX=9606 GN=SERPINA7 PE=1 SV=2,36,K.VTACHSSQPNATLYK.M.HexNAc(4)Hex(5)NeuAc(2),14680690.0,100.0,17744790.0,K.VTACHSSQPNATLYK.M.HexNAc(4)Hex(5)Fuc(1)NeuAc(2),3748400.0,100.0,40834190.0,K.VTACHSSQPNATLYK.M.HexNAc(4)Hex(5)Fuc(1)NeuAc(2),2524900.0,100.0,48974300.0
>sp|P0C0L5|CO4B_HUMAN Complement C4-B OS=Homo sapiens OX=9606 GN=C4B PE=1 SV=2,226,R.FSDGLESNSSTQFEVK.K.HexNAc(2)Hex(9),1291950.0,50.71741221269163,2547350.0,,,,,R.FSDGLESNSSTQFEVK.K.HexNAc(2)Hex(9),351770.0,19.732760409946877,1782670.0
>sp|P0C0L5|CO4B_HUMAN Complement C4-B OS=Homo sapiens OX=9606 GN=C4B PE=1 SV=2,1328,R.GLNVTLSSTGR.N.HexNAc(4)Hex(5)NeuAc(2),1255400.0,49.28258778730838,2547350.0,R.GLNVTLSSTGR.N.HexNAc(4)Hex(5)NeuAc(2),1539200.0,100.0,1539200.0,R.GLNVTLSSTGR.N.HexNAc(4)Hex(5)NeuAc(2),1430900.0,80.26723959005312,1782670.0
>sp|P04114|APOB_HUMAN Apolipoprotein B-100 OS=Homo sapiens OX=9606 GN=APOB PE=1 SV=2,1523,R.FNSSYLQGTNQITGR.Y.HexNAc(4)Hex(5)NeuAc(1),588410.0,46.92152500338908,1254030.0,R.FNSSYLQGTNQITGR.Y.HexNAc(4)Hex(5)NeuAc(1),708470.0,100.0,708470.0,R.FNSSYLQGTNQITGR.Y.HexNAc(4)Hex(5)NeuAc(1),663320.0,100.0,663320.0
>sp|P04114|APOB_HUMAN Apolipoprotein B-100 OS=Homo sapiens OX=9606 GN=APOB PE=1 SV=2,3411,K.FVEGSHNSTVSLTTK.N.HexNAc(4)Hex(5)NeuAc(1),665620.0,53.07847499661092,1254030.0,,,,,,,,
>sp|Q99523|SORT_HUMAN Sortilin OS=Homo sapiens OX=9606 GN=SORT1 PE=1 SV=3,406,R.HLYTTTGGETDFTNVTSLR.G.HexNAc(2)Hex(10),329720.0,100.0,619640.0,R.HLYTTTGGETDFTNVTSLR.G.HexNAc(2)Hex(9),318190.0,100.0,318190.0,R.HLYTTTGGETDFTNVTSLR.G.HexNAc(2)Hex(10),263650.0,100.0,263650.0
>sp|P12821|ACE_HUMAN Angiotensin-converting enzyme OS=Homo sapiens OX=9606 GN=ACE PE=1 SV=1,714,R.KFDVNQLQNTTIK.R.HexNAc(3)Hex(6)Fuc(1),1006100.0,100.0,1520650.0,R.KFDVNQLQNTTIK.R.HexNAc(2)Hex(7),733850.0,100.0,733850.0,R.KFDVNQLQNTTIK.R.HexNAc(3)Hex(6)Fuc(1),1129190.0,100.0,1283910.0
>sp|P02671|FIBA_HUMAN Fibrinogen alpha chain OS=Homo sapiens OX=9606 GN=FGA PE=1 SV=2,686,R.MDGSLNFNR.T.HexNAc(4)Hex(5)NeuAc(2),3679960.0,100.0,3679960.0,R.MDGSLNFNR.T.HexNAc(4)Hex(5)NeuAc(2),1058700.0,100.0,1058700.0,R.MDGSLNFNR.T.HexNAc(4)Hex(5)NeuAc(2),3355350.0,100.0,3355350.0
>sp|P19440|GGT1_HUMAN Glutathione hydrolase 1 proenzyme OS=Homo sapiens OX=9606 GN=GGT1 PE=1 SV=2,511,R.LHNQLLPNVTTVER.N.HexNAc(6)Hex(6)NeuAc(2),575280.0,100.0,791770.0,R.LHNQLLPNVTTVER.N.HexNAc(6)Hex(6)Fuc(1)NeuAc(2),292420.0,100.0,470780.0,,,,
>sp|P16870|CBPE_HUMAN Carboxypeptidase E OS=Homo sapiens OX=9606 GN=CPE PE=1 SV=1,139,K.GNETIVNLIHSTR.I.HexNAc(3)Hex(6)NeuAc(1),1323000.0,100.0,1323000.0,K.GNETIVNLIHSTR.I.HexNAc(3)Hex(6)NeuAc(1),1509900.0,100.0,1509900.0,K.GNETIVNLIHSTR.I.HexNAc(3)Hex(6)NeuAc(1),1978950.0,100.0,1978950.0
>sp|P10253|LYAG_HUMAN Lysosomal alpha-glucosidase OS=Homo sapiens OX=9606 GN=GAA PE=1 SV=4,470,R.RGVFITNETGQPLIGK.V.HexNAc(2)Hex(7),595060.0,100.0,903060.0,R.RGVFITNETGQPLIGK.V.HexNAc(2)Hex(7),646010.0,100.0,979960.0,R.RGVFITNETGQPLIGK.V.HexNAc(2)Hex(7),464600.0,100.0,1031190.0
>sp|P05154|IPSP_HUMAN Plasma serine protease inhibitor OS=Homo sapiens OX=9606 GN=SERPINA5 PE=1 SV=3,262,R.VVGVPYQGNATALFILPSEGK.M.HexNAc(6)Hex(3)Fuc(1)NeuAc(1),333500.0,100.0,333500.0,,,,,,,,
>sp|P35555|FBN1_HUMAN Fibrillin-1 OS=Homo sapiens OX=9606 GN=FBN1 PE=1 SV=4,2767,K.TAIFAFNISHVSNK.V.HexNAc(4)Hex(5)Fuc(1)NeuAc(1),1361900.0,100.0,1361900.0,K.TAIFAFNISHVSNK.V.HexNAc(4)Hex(5)Fuc(1)NeuAc(1),2314490.0,100.0,2314490.0,K.TAIFAFNISHVSNK.V.HexNAc(4)Hex(5)Fuc(1)NeuAc(2),1778400.0,100.0,3448660.0
>sp|P98164|LRP2_HUMAN Low-density lipoprotein receptor-related protein 2 OS=Homo sapiens OX=9606 GN=LRP2 PE=1 SV=3,1496,K.TWSAFQNGTDR.R.HexNAc(5)Hex(5)Fuc(1),591990.0,100.0,591990.0,K.TWSAFQNGTDRR.V.HexNAc(5)Hex(5)Fuc(1),6330900.0,80.3710359089677,9961300.0,K.TWSAFQNGTDR.R.HexNAc(5)Hex(5)Fuc(1),1546000.0,87.43651520807177,1768140.0
>sp|Q07075|AMPE_HUMAN Glutamyl aminopeptidase OS=Homo sapiens OX=9606 GN=ENPEP PE=1 SV=3,828,K.NVTLLSR.Y.HexNAc(2)Hex(9),10172000.0,100.0,10172000.0,,,,,K.NVTLLSR.Y.HexNAc(2)Hex(9),3439100.0,82.19999904393592,4183820.0
>sp|P06276|CHLE_HUMAN Cholinesterase OS=Homo sapiens OX=9606 GN=BCHE PE=1 SV=1,369,K.DNNSIITR.K.HexNAc(4)Hex(5)NeuAc(2),1899900.0,100.0,1899900.0,,,,,,,,
>sp|P43251|BTD_HUMAN Biotinidase OS=Homo sapiens OX=9606 GN=BTD PE=1 SV=2,150,R.FNDTEVLQR.L.HexNAc(4)Hex(5)NeuAc(2),1341300.0,100.0,1341300.0,,,,,R.FNDTEVLQR.L.HexNAc(4)Hex(5)NeuAc(2),1096900.0,100.0,1096900.0
>sp|Q14508|WFDC2_HUMAN WAP four-disulfide core domain protein 2 OS=Homo sapiens OX=9606 GN=WFDC2 PE=1 SV=2,44,K.TGVCPELQADQNCTQECVSDSECADNLK.C.HexNAc(5)Hex(4)Fuc(1)NeuAc(2),913680.0,100.0,913680.0,,,,,,,,
>sp|P02765|FETUA_HUMAN Alpha-2-HS-glycoprotein OS=Homo sapiens OX=9606 GN=AHSG PE=1 SV=2,156,K.VCQDCPLLAPLNDTR.V.HexNAc(4)Hex(5)NeuAc(2),5109280.0,100.0,5109280.0,K.VCQDCPLLAPLNDTR.V.HexNAc(4)Hex(5)NeuAc(2),1641430.0,100.0,1641430.0,K.VCQDCPLLAPLNDTR.V.HexNAc(4)Hex(5)NeuAc(2),3509130.0,100.0,3746480.0
>sp|O75503|CLN5_HUMAN Ceroid-lipofuscinosis neuronal protein 5 OS=Homo sapiens OX=9606 GN=CLN5 PE=1 SV=2,203,K.QDNETGIYYETWNVK.A.HexNAc(2)Hex(9),573990.0,100.0,573990.0,K.QDNETGIYYETWNVK.A.HexNAc(2)Hex(9),607050.0,100.0,607050.0,,,,
>sp|P02675|FIBB_HUMAN Fibrinogen beta chain OS=Homo sapiens OX=9606 GN=FGB PE=1 SV=2,394,R.GTAGNALMDGASQLMGENR.T.HexNAc(4)Hex(5)NeuAc(1),1092900.0,100.0,1092900.0,R.GTAGNALMDGASQLMGENR.T.HexNAc(4)Hex(5)NeuAc(1),1058850.0,100.0,1058850.0,R.GTAGNALMDGASQLMGENR.T.HexNAc(4)Hex(5)NeuAc(2),342270.0,100.0,803960.0
>sp|Q7Z7M0|MEGF8_HUMAN Multiple epidermal growth factor-like domains protein 8 OS=Homo sapiens OX=9606 GN=MEGF8 PE=1 SV=2,637,R.GPGTLGWCVHNESCLPRPEQAR.C.HexNAc(2)Hex(9),561380.0,100.0,561380.0,,,,,,,,
>sp|P01009|A1AT_HUMAN Alpha-1-antitrypsin OS=Homo sapiens OX=9606 GN=SERPINA1 PE=1 SV=3,271,K.YLGNATAIFFLPDEGK.L.HexNAc(4)Hex(5)NeuAc(1),1386500.0,100.0,1386500.0,,,,,K.YLGNATAIFFLPDEGK.L.HexNAc(4)Hex(5)NeuAc(1),970180.0,100.0,970180.0
>sp|P05164|PERM_HUMAN Myeloperoxidase OS=Homo sapiens OX=9606 GN=MPO PE=1 SV=1,355,R.NMSNQLGLLAVNQR.F.HexNAc(2)Hex(6),362840.0,100.0,362840.0,R.NMSNQLGLLAVNQR.F.HexNAc(2)Hex(6),324060.0,100.0,324060.0,R.NMSNQLGLLAVNQR.F.HexNAc(2)Hex(6),351610.0,100.0,351610.0
>sp|O75144|ICOSL_HUMAN ICOS ligand OS=Homo sapiens OX=9606 GN=ICOSLG PE=1 SV=2,102,R.LFNVTPQDEQK.F.HexNAc(4)Hex(5)NeuAc(2),582830.0,100.0,582830.0,,,,,,,,
>sp|P22792|CPN2_HUMAN Carboxypeptidase N subunit 2 OS=Homo sapiens OX=9606 GN=CPN2 PE=1 SV=3,74,R.AFGSNPNLTK.V.HexNAc(4)Hex(5)NeuAc(2),1643400.0,100.0,1643400.0,,,,,R.AFGSNPNLTK.V.HexNAc(4)Hex(5)NeuAc(2),2792400.0,85.5616939524024,3263610.0
>sp|Q02487|DSC2_HUMAN Desmocollin-2 OS=Homo sapiens OX=9606 GN=DSC2 PE=1 SV=1,392,R.ANYTILK.G.HexNAc(4)Hex(5)Fuc(1)NeuAc(1),1947000.0,100.0,1947000.0,R.ANYTILK.G.HexNAc(4)Hex(5)Fuc(1)NeuAc(1),1203100.0,100.0,1203100.0,R.ANYTILK.G.HexNAc(4)Hex(5)Fuc(1)NeuAc(1),456060.0,100.0,456060.0
>sp|P05155|IC1_HUMAN Plasma protease C1 inhibitor OS=Homo sapiens OX=9606 GN=SERPING1 PE=1 SV=2,238,R.DTFVNASR.T.HexNAc(5)Hex(4)Fuc(1)NeuAc(2),1229300.0,100.0,1229300.0,,,,,,,,
>sp|P08174|DAF_HUMAN Complement decay-accelerating factor OS=Homo sapiens OX=9606 GN=CD55 PE=1 SV=4,95,K.GSQWSDIEEFCNR.S.HexNAc(4)Hex(5)NeuAc(2),1441500.0,100.0,1441500.0,,,,,K.GSQWSDIEEFCNR.S.HexNAc(4)Hex(5)NeuAc(2),766840.0,100.0,766840.0
>sp|Q9Y6Q6|TNR11_HUMAN Tumor necrosis factor receptor superfamily member 11A OS=Homo sapiens OX=9606 GN=TNFRSF11A PE=1 SV=1,105,K.ALVAVVAGNSTTPR.R.HexNAc(4)Hex(5)Fuc(1)NeuAc(1),626470.0,100.0,626470.0,,,,,K.ALVAVVAGNSTTPR.R.HexNAc(4)Hex(5)Fuc(1)NeuAc(1),411690.0,100.0,411690.0
>sp|Q14515|SPRL1_HUMAN SPARC-like protein 1 OS=Homo sapiens OX=9606 GN=SPARCL1 PE=1 SV=2,169,R.NYSHHQLNR.S.HexNAc(4)Hex(5)Fuc(1)NeuAc(1),2338500.0,100.0,2338500.0,R.NYSHHQLNR.S.HexNAc(4)Hex(5)Fuc(1)NeuAc(2),4371900.0,100.0,4371900.0,,,,
>sp|P07357|CO8A_HUMAN Complement component C8 alpha chain OS=Homo sapiens OX=9606 GN=C8A PE=1 SV=2,437,R.GGSSGWSGGLAQNR.S.HexNAc(4)Hex(5)NeuAc(2),441890.0,100.0,441890.0,R.GGSSGWSGGLAQNR.S.HexNAc(4)Hex(5)NeuAc(2),509770.0,100.0,509770.0,R.GGSSGWSGGLAQNR.S.HexNAc(4)Hex(5)NeuAc(2),363420.0,100.0,363420.0
>sp|Q04756|HGFA_HUMAN Hepatocyte growth factor activator OS=Homo sapiens OX=9606 GN=HGFAC PE=1 SV=1,290,R.CFLGNGTGYR.G.HexNAc(4)Hex(5)NeuAc(2),1367100.0,100.0,1367100.0,R.CFLGNGTGYR.G.HexNAc(4)Hex(5)NeuAc(2),1280200.0,100.0,1280200.0,R.CFLGNGTGYR.G.HexNAc(4)Hex(5)NeuAc(2),1310900.0,100.0,1310900.0
>sp|Q6ZW33|MICLK_HUMAN MICAL C-terminal-like protein OS=Homo sapiens OX=9606 GN=MICALCL PE=1 SV=3,331,R.NQSSAFSPPDPALR.T.HexNAc(3)Hex(5)NeuAc(1),1328700.0,100.0,1328700.0,,,,,,,,
>sp|P08571|CD14_HUMAN Monocyte differentiation antigen CD14 OS=Homo sapiens OX=9606 GN=CD14 PE=1 SV=2,151,R.NVSWATGR.S.HexNAc(4)Hex(5)NeuAc(2),4511640.0,100.0,4511640.0,R.NVSWATGR.S.HexNAc(4)Hex(5)NeuAc(2),604480.0,100.0,4666680.0,R.NVSWATGR.S.HexNAc(4)Hex(5)NeuAc(2),1229820.0,100.0,2602520.0
>sp|P15328|FOLR1_HUMAN Folate receptor alpha OS=Homo sapiens OX=9606 GN=FOLR1 PE=1 SV=3,161,K.GWNWTSGFNK.C.HexNAc(4)Hex(5)Fuc(1)NeuAc(2),487310.0,100.0,487310.0,,,,,K.GWNWTSGFNK.C.HexNAc(4)Hex(5)Fuc(1)NeuAc(2),501490.0,100.0,501490.0
>sp|Q6UWI2|PARM1_HUMAN Prostate androgen-regulated mucin-like protein 1 OS=Homo sapiens OX=9606 GN=PARM1 PE=1 SV=1,80,K.NISIESR.E.HexNAc(4)Hex(5)Fuc(1)NeuAc(2),1552500.0,100.0,1552500.0,K.NISIESR.E.HexNAc(4)Hex(5)Fuc(1)NeuAc(2),4783900.0,100.0,5357430.0,K.NISIESR.E.HexNAc(4)Hex(5)Fuc(1)NeuAc(2),2680900.0,100.0,2680900.0
>sp|P15586|GNS_HUMAN N-acetylglucosamine-6-sulfatase OS=Homo sapiens OX=9606 GN=GNS PE=1 SV=3,362,,,,,R.GPGIKPNQTSK.M.HexNAc(2)Hex(7),18830000.0,73.7323052868565,35764920.0,R.GPGIKPNQTSK.M.HexNAc(2)Hex(6),5385400.0,43.17535347445588,12473320.0
>sp|O75882|ATRN_HUMAN Attractin OS=Homo sapiens OX=9606 GN=ATRN PE=1 SV=2,914,,,,,K.AATCINPLNGSVCERPANHSAK.Q.HexNAc(2)Hex(3); HexNAc(6)Hex(7)NeuAc(4),816010.0,9.436303419692955,8647560.0,K.AATCINPLNGSVCERPANHSAK.Q.HexNAc(2)Hex(3); HexNAc(6)Hex(7)NeuAc(4),742200.0,7.965211493428861,9318020.0
>sp|P15144|AMPN_HUMAN Aminopeptidase N OS=Homo sapiens OX=9606 GN=ANPEP PE=1 SV=4,265,,,,,K.GPSTPLPEDPNWNVTEFHTTPK.M.HexNAc(6)Hex(6)NeuAc(1),286370.0,2.4247294119838547,11810390.0,,,,
>sp|P13473|LAMP2_HUMAN Lysosome-associated membrane glycoprotein 2 OS=Homo sapiens OX=9606 GN=LAMP2 PE=1 SV=2,257,,,,,K.VASVININPNTTHSTGSCR.S.HexNAc(6)Hex(6)NeuAc(2),515170.0,100.0,3969310.0,K.VASVININPNTTHSTGSCR.S.HexNAc(6)Hex(6)NeuAc(2),448820.0,100.0,3422360.0
>sp|P98164|LRP2_HUMAN Low-density lipoprotein receptor-related protein 2 OS=Homo sapiens OX=9606 GN=LRP2 PE=1 SV=3,2224,,,,,R.SFLDCTNR.T.HexNAc(5)Hex(5)Fuc(1)NeuAc(1),1761900.0,17.687450433176394,9961300.0,,,,
>sp|P98164|LRP2_HUMAN Low-density lipoprotein receptor-related protein 2 OS=Homo sapiens OX=9606 GN=LRP2 PE=1 SV=3,3315,,,,,R.MLAQHCVDANNTFCFDNPR.G.HexNAc(5)Hex(5)Fuc(1),193400.0,1.9415136578559022,9961300.0,R.MLAQHCVDANNTFCFDNPR.G.HexNAc(5)Hex(5)Fuc(1),222140.0,12.563484791928243,1768140.0
>sp|P26842|CD27_HUMAN CD27 antigen OS=Homo sapiens OX=9606 GN=CD27 PE=1 SV=2,95,,,,,R.NCTITANAECACR.N.HexNAc(5)Hex(5)Fuc(1)NeuAc(2),773240.0,100.0,2614320.0,,,,
>sp|Q13510|ASAH1_HUMAN Acid ceramidase OS=Homo sapiens OX=9606 GN=ASAH1 PE=1 SV=5,259,,,,,R.TVLENSTSYEEAK.N.HexNAc(2)Hex(7),581820.0,100.0,1792220.0,R.TVLENSTSYEEAK.N.HexNAc(2)Hex(6),1056700.0,100.0,1056700.0
>sp|Q9H0B8|CRLD2_HUMAN Cysteine-rich secretory protein LCCL domain-containing 2 OS=Homo sapiens OX=9606 GN=CRISPLD2 PE=2 SV=1,41,,,,,K.YQHNESHSR.V.HexNAc(5)Hex(6)Fuc(1)NeuAc(3),1325300.0,100.0,28580300.0,,,,
>sp|Q14314|FGL2_HUMAN Fibroleukin OS=Homo sapiens OX=9606 GN=FGL2 PE=1 SV=1,336,,,,,R.LHVGNYNGTAGDALR.F.HexNAc(5)Hex(4)Fuc(1)NeuAc(1),884990.0,100.0,884990.0,,,,
>sp|Q7Z7M0|MEGF8_HUMAN Multiple epidermal growth factor-like domains protein 8 OS=Homo sapiens OX=9606 GN=MEGF8 PE=1 SV=2,421,,,,,R.VNSTELFHVDR.H.HexNAc(2)Hex(9),2830500.0,100.0,2830500.0,,,,
>Reverse >sp|Q8N9V7|TOPZ1_HUMAN Protein TOPAZ1 OS=Homo sapiens OX=9606 GN=TOPAZ1 PE=2 SV=3,363,,,,,R.EDEYNK.T.HexNAc(5)Hex(6)Fuc(1)NeuAc(3),2832900.0,100.0,12429000.0,,,,
>sp|O75388|GPR32_HUMAN Probable G-protein coupled receptor 32 OS=Homo sapiens OX=9606 GN=GPR32 PE=2 SV=1,30,,,,,R.KMNSSGCLSEEVGSLR.P.HexNAc(4)Hex(5)Fuc(1)NeuAc(2),1119100.0,100.0,1119100.0,,,,
>sp|P08603|CFAH_HUMAN Complement factor H OS=Homo sapiens OX=9606 GN=CFH PE=1 SV=4,882,,,,,K.IPCSQPPQIEHGTINSSR.S.HexNAc(4)Hex(5)NeuAc(2),932140.0,100.0,932140.0,K.IPCSQPPQIEHGTINSSR.S.HexNAc(4)Hex(5)NeuAc(2),419200.0,100.0,419200.0
>sp|O96009|NAPSA_HUMAN Napsin-A OS=Homo sapiens OX=9606 GN=NAPSA PE=1 SV=1,133,,,,,K.ASSSFQANGTK.F.HexNAc(2)Hex(3)Fuc(1),757590.0,100.0,757590.0,K.ASSSFQANGTK.F.HexNAc(2)Hex(6),473970.0,100.0,987930.0
>sp|Q07075|AMPE_HUMAN Glutamyl aminopeptidase OS=Homo sapiens OX=9606 GN=ENPEP PE=1 SV=3,589,,,,,K.WTEDNITSSVLFNR.S.HexNAc(2)Hex(3)Fuc(1); HexNAc(2)Hex(3),460520.0,100.0,460520.0,K.WTEDNITSSVLFNR.S.HexNAc(2)Hex(3)Fuc(1); HexNAc(2)Hex(3),380900.0,9.104120158132998,4183820.0
>sp|P08473|NEP_HUMAN Neprilysin OS=Homo sapiens OX=9606 GN=MME PE=1 SV=2,285,,,,,K.EIANATAKPEDR.N.HexNAc(5)Hex(5)Fuc(1),1201100.0,100.0,1201100.0,K.EIANATAKPEDR.N.HexNAc(5)Hex(5)Fuc(1),902200.0,47.66836093117623,1892660.0
>sp|TRFE_HUMAN|(Common contaminant protein),432,,,,,,,,,K.CGLVPVLAENYNKSDNCEDTPEAGYFAVAVVKK.S.HexNAc(7)Hex(6)Fuc(1)NeuAc(4),3570680.0,72.77034903286227,107867780.0
>sp|TRFE_HUMAN|(Common contaminant protein),630,,,,,,,,,R.QQQHLFGSNVTDCSGNFCLFR.S.HexNAc(5)Hex(6)NeuAc(3),974090.0,27.22965096713773,107867780.0
>sp|P15586|GNS_HUMAN N-acetylglucosamine-6-sulfatase OS=Homo sapiens OX=9606 GN=GNS PE=1 SV=3,405,,,,,,,,,R.GASNLTWR.S.HexNAc(2)Hex(7),2614600.0,20.961540311641166,12473320.0
>sp|P02750|A2GL_HUMAN Leucine-rich alpha-2-glycoprotein OS=Homo sapiens OX=9606 GN=LRG1 PE=1 SV=2,186,,,,,,,,,R.KLPPGLLANFTLLR.T.HexNAc(4)Hex(5)NeuAc(2),3402800.0,14.783662723255986,23017300.0
>sp|O94822|LTN1_HUMAN E3 ubiquitin-protein ligase listerin OS=Homo sapiens OX=9606 GN=LTN1 PE=1 SV=6,1069,,,,,,,,,R.VLGNTSGLLQLLFNR.S.HexNAc(5)Hex(6)NeuAc(3); HexNAc(9)Hex(4)Fuc(1),161960.0,100.0,1457160.0
>sp|P04004|VTNC_HUMAN Vitronectin OS=Homo sapiens OX=9606 GN=VTN PE=1 SV=1,169,,,,,,,,,K.NGSLFAFR.G.HexNAc(4)Hex(5)NeuAc(2),3633440.0,68.51953126473283,5302780.0
>sp|Q9BX51|GGTL1_HUMAN Glutathione hydrolase light chain 1 OS=Homo sapiens OX=9606 GN=GGTLC1 PE=2 SV=2,167,,,,,,,,,R.LHNQLLPNVTTVER.N.HexNAc(6)Hex(6)Fuc(1)NeuAc(2),626670.0,100.0,1245960.0
>sp|P22792|CPN2_HUMAN Carboxypeptidase N subunit 2 OS=Homo sapiens OX=9606 GN=CPN2 PE=1 SV=3,348,,,,,,,,,K.LYLGSNNLTALHPALFQNLSK.L.HexNAc(2)Fuc(1); HexNAc(6)Hex(7)NeuAc(3),471210.0,14.4383060475976,3263610.0
>sp|P08473|NEP_HUMAN Neprilysin OS=Homo sapiens OX=9606 GN=MME PE=1 SV=2,145,,,,,,,,,R.SCINESAIDSR.G.HexNAc(5)Hex(5)Fuc(1),990460.0,52.331639068823776,1892660.0
>sp|P06865|HEXA_HUMAN Beta-hexosaminidase subunit alpha OS=Homo sapiens OX=9606 GN=HEXA PE=1 SV=2,157,,,,,,,,,K.SAEGTFFINK.T.HexNAc(2)Hex(9),299780.0,100.0,1944840.0
>sp|Q07075|AMPE_HUMAN Glutamyl aminopeptidase OS=Homo sapiens OX=9606 GN=ENPEP PE=1 SV=3,597,,,,,,,,,K.WTEDNITSSVLFNR.S.HexNAc(4)Hex(6)Fuc(1),363820.0,8.695880797931077,4183820.0
>sp|P06276|CHLE_HUMAN Cholinesterase OS=Homo sapiens OX=9606 GN=BCHE PE=1 SV=1,509,,,,,,,,,K.YGNPNETQNNSTSWPVFK.S.HexNAc(6)Hex(7)Fuc(1)NeuAc(4),239940.0,100.0,382030.0
>sp|Q6YHK3|CD109_HUMAN CD109 antigen OS=Homo sapiens OX=9606 GN=CD109 PE=1 SV=2,337,,,,,,,,,R.NVSTNVFFK.Q.HexNAc(2)Hex(8),204860.0,100.0,204860.0
>sp|Q5ZPR3|CD276_HUMAN CD276 antigen OS=Homo sapiens OX=9606 GN=CD276 PE=1 SV=1,91,,,,,,,,,K.QLVHSFAEGQDQGSAYANR.T.HexNAc(4)Hex(5)Fuc(1)NeuAc(2),332280.0,100.0,332280.0
>sp|P41271|NBL1_HUMAN Neuroblastoma suppressor of tumorigenicity 1 OS=Homo sapiens OX=9606 GN=NBL1 PE=1 SV=2,39,,,,,,,,,K.NITQIVGHSGCEAK.S.HexNAc(4)Hex(5)Fuc(1)NeuAc(2),771010.0,100.0,771010.0
>sp|O95497|VNN1_HUMAN Pantetheinase OS=Homo sapiens OX=9606 GN=VNN1 PE=1 SV=2,283,,,,,,,,,K.MTGSGIYAPNSSR.A.HexNAc(4)Hex(5)NeuAc(2),630730.0,100.0,630730.0
