ProteinName,Position,Glycopeptide_x,TotalIonCurrent_Plasma-1,icPercentageSite_Plasma-1,fullIonCurrent_Plasma-1,Glycopeptide_y,TotalIonCurrent_Plasma-2,icPercentageSite_Plasma-2,fullIonCurrent_Plasma-2,Glycopeptide,TotalIonCurrent_Plasma-3,icPercentageSite_Plasma-3,fullIonCurrent_Plasma-3
>sp|P00738|HPT_HUMAN Haptoglobin OS=Homo sapiens OX=9606 GN=HP PE=1 SV=1,184,K.MVSHHNLTTGATLINEQWLLTTAK.N.HexNAc(5)Hex(6)Fuc(1)NeuAc(3),451700.0,7.757514848275039,274454776.0,K.MVSHHNLTTGATLINEQWLLTTAK.N.HexNAc(4)Hex(7)NeuAc(1),6783600.0,5.662779695794832,221843700.0,K.MVSHHNLTTGATLINEQWLLTTAK.N.HexNAc(5)Hex(6)NeuAc(3),268770.0,4.556336950934871,200761930.0
>sp|P00738|HPT_HUMAN Haptoglobin OS=Homo sapiens OX=9606 GN=HP PE=1 SV=1,207,K.NLFLNHSENATAK.D.HexNAc(5)Hex(6)NeuAc(3); HexNAc(6)Hex(7)NeuAc(3),451450.0,43.08531326122741,274454776.0,K.NLFLNHSENATAK.D.HexNAc(6)Hex(7)NeuAc(3); HexNAc(5)Hex(6)NeuAc(3),612840.0,47.23954748320552,221843700.0,K.NLFLNHSENATAK.D.HexNAc(7)Hex(8)Fuc(1)NeuAc(3); HexNAc(2)Hex(12),338020.0,48.46416848054808,200761930.0
>sp|P00738|HPT_HUMAN Haptoglobin OS=Homo sapiens OX=9606 GN=HP PE=1 SV=1,241,K.VVLHPNYSQVDIGLIK.L.HexNAc(6)Hex(7)Fuc(1)NeuAc(4),155770.0,49.157171890497544,274454776.0,K.VVLHPNYSQVDIGLIK.L.HexNAc(6)Hex(7)Fuc(1)NeuAc(4),112000.0,47.09767282099965,221843700.0,K.VVLHPNYSQVDIGLIK.L.HexNAc(6)Hex(7)NeuAc(4),1099960.0,46.87983922051357,200761930.0
>sp|P01871|IGHM_HUMAN Immunoglobulin heavy constant mu OS=Homo sapiens OX=9606 GN=IGHM PE=1 SV=4,46,K.YKNNSDISSTR.G.HexNAc(5)Hex(5)Fuc(1)NeuAc(1),3186500.0,84.84394454705179,262797930.0,K.YKNNSDISSTR.G.HexNAc(5)Hex(6)Fuc(1)NeuAc(1),314360.0,76.02393814754687,131005960.0,K.YKNNSDISSTR.G.HexNAc(5)Hex(5)NeuAc(1),6550400.0,66.47773303025744,109451130.0
>sp|P01871|IGHM_HUMAN Immunoglobulin heavy constant mu OS=Homo sapiens OX=9606 GN=IGHM PE=1 SV=4,209,R.GLTFQQNASSMCVPDQDTAIR.V.HexNAc(5)Hex(5)Fuc(1)NeuAc(2),970370.0,8.448319969643595,262797930.0,R.GLTFQQNASSMCVPDQDTAIR.V.HexNAc(5)Hex(5)Fuc(1)NeuAc(2),1168260.0,11.230649353662994,131005960.0,R.GLTFQQNASSMCVPDQDTAIR.V.HexNAc(5)Hex(6)NeuAc(2),372100.0,13.798185546371244,109451130.0
>sp|P01871|IGHM_HUMAN Immunoglobulin heavy constant mu OS=Homo sapiens OX=9606 GN=IGHM PE=1 SV=4,440,K.STGKPTLYNVSLVMSDTAGTCY.-.HexNAc(2)Hex(8),515320.0,6.707735483304606,262797930.0,K.STGKPTLYNVSLVMSDTAGTCY.-.HexNAc(2)Hex(8),363720.0,12.745412498790131,131005960.0,K.STGKPTLYNVSLVMSDTAGTCY.-.HexNAc(3)Hex(6),2910400.0,19.724081423371327,109451130.0
>sp|P02675|FIBB_HUMAN Fibrinogen beta chain OS=Homo sapiens OX=9606 GN=FGB PE=1 SV=2,394,K.YRGTAGNALMDGASQLMGENR.T.HexNAc(5)Hex(5)Fuc(1)NeuAc(1),815160.0,100.0,215088270.0,K.YRGTAGNALMDGASQLMGENR.T.HexNAc(5)Hex(4)NeuAc(2),1175800.0,100.0,118369790.0,K.YRGTAGNALMDGASQLMGENR.T.HexNAc(5)Hex(5)Fuc(1)NeuAc(1),551930.0,100.0,124265570.0
>sp|P00450|CERU_HUMAN Ceruloplasmin OS=Homo sapiens OX=9606 GN=CP PE=1 SV=1,138,K.EHEGAIYPDNTTDFQR.A.HexNAc(5)Hex(6)Fuc(1)NeuAc(3),805040.0,54.071006574425695,37451180.0,K.EHEGAIYPDNTTDFQR.A.HexNAc(5)Hex(6)Fuc(1)NeuAc(3),1990776.0,39.114861592127234,37108366.0,K.EHEGAIYPDNTTDFQR.A.HexNAc(5)Hex(6)Fuc(1)NeuAc(3),1906850.0,52.71479395150751,31945150.0
>sp|P00450|CERU_HUMAN Ceruloplasmin OS=Homo sapiens OX=9606 GN=CP PE=1 SV=1,358,K.AGLQAFFQVQECNK.S.HexNAc(4)Hex(5)NeuAc(2),1843500.0,4.922408319310633,37451180.0,K.AGLQAFFQVQECNK.S.HexNAc(4)Hex(5)Fuc(1)NeuAc(2),475940.0,5.961297244939321,37108366.0,K.AGLQAFFQVQECNK.S.HexNAc(4)Hex(5)Fuc(1)NeuAc(2),257870.0,6.52390112427082,31945150.0
>sp|P00450|CERU_HUMAN Ceruloplasmin OS=Homo sapiens OX=9606 GN=CP PE=1 SV=1,397,K.ENLTAPGSDSAVFFEQGTTR.I.HexNAc(5)Hex(6)Fuc(1)NeuAc(3),1871100.0,8.295012333389762,37451180.0,K.ENLTAPGSDSAVFFEQGTTR.I.HexNAc(5)Hex(6)Fuc(1)NeuAc(3),1390000.0,12.398767436970951,37108366.0,K.ENLTAPGSDSAVFFEQGTTR.I.HexNAc(5)Hex(7)Fuc(1)NeuAc(2),184270.0,5.35420869834701,31945150.0
>sp|P00450|CERU_HUMAN Ceruloplasmin OS=Homo sapiens OX=9606 GN=CP PE=1 SV=1,762,K.ELHHLQEQNVSNAFLDK.G.HexNAc(6)Hex(7)Fuc(1)NeuAc(4),193300.0,32.711572772873915,37451180.0,K.ELHHLQEQNVSNAFLDK.G.HexNAc(5)Hex(6)Fuc(1)NeuAc(3),1752730.0,42.5250737259625,37108366.0,K.ELHHLQEQNVSNAFLDK.G.HexNAc(5)Hex(6)Fuc(1)NeuAc(3),3854410.0,35.40709622587466,31945150.0
>sp|P0DOX5|IGG1_HUMAN Immunoglobulin gamma-1 heavy chain OS=Homo sapiens OX=9606 PE=1 SV=2,299,K.TKPREEQYNSTYR.V.HexNAc(4)Hex(5)Fuc(1)NeuAc(1),29843000.0,100.0,1344210070.0,K.TKPREEQYNSTYR.V.HexNAc(6)Hex(7)Fuc(1)NeuAc(2),339010.0,100.0,728935970.0,K.TKPREEQYNSTYR.V.HexNAc(4)Hex(5)Fuc(1)NeuAc(1),1835200.0,100.0,535736068.0
>sp|P01877|IGHA2_HUMAN Immunoglobulin heavy constant alpha 2 OS=Homo sapiens OX=9606 GN=IGHA2 PE=1 SV=4,92,K.SVTCHVKHYTNSSQDVTVPCR.V.HexNAc(5)Hex(5)NeuAc(1),729280.0,76.08146071218597,705410970.0,K.SVTCHVKHYTNSSQDVTVPCR.V.HexNAc(5)Hex(5)NeuAc(1),386290.0,72.51705812877415,408353700.0,K.HYTNSSQDVTVPCRVPPPPPCCHPR.L.HexNAc(4)Hex(5)Fuc(1)NeuAc(2),339090.0,79.68698935317829,335267190.0
>sp|P01877|IGHA2_HUMAN Immunoglobulin heavy constant alpha 2 OS=Homo sapiens OX=9606 GN=IGHA2 PE=1 SV=4,205,K.TPLTANITK.S.HexNAc(5)Hex(5)Fuc(1)NeuAc(2),1955100.0,23.918539287814024,705410970.0,K.TPLTANITK.S.HexNAc(4)Hex(5)Fuc(1)NeuAc(2),4109800.0,27.48294187122585,408353700.0,K.TPLTANITK.S.HexNAc(5)Hex(5)Fuc(1)NeuAc(2),2039300.0,20.158313135263846,335267190.0
>sp|P01859|IGHG2_HUMAN Immunoglobulin heavy constant gamma 2 OS=Homo sapiens OX=9606 GN=IGHG2 PE=1 SV=2,176,K.TKPREEQFNSTFR.V.HexNAc(5)Hex(5)Fuc(1),1174600.0,100.0,428275900.0,K.TKPREEQFNSTFR.V.HexNAc(4)Hex(5)Fuc(1)NeuAc(1),18864300.0,100.0,365453570.0,K.TKPREEQFNSTFR.V.HexNAc(4)Hex(5)Fuc(1)NeuAc(1),17141300.0,100.0,324691030.0
>sp|P01024|CO3_HUMAN Complement C3 OS=Homo sapiens OX=9606 GN=C3 PE=1 SV=2,85,K.TVLTPATNHMGNVTFTIPANR.E.HexNAc(4)Hex(5)NeuAc(1),791900.0,100.0,57639620.0,K.TVLTPATNHMGNVTFTIPANR.E.HexNAc(4)Hex(5)NeuAc(1),745230.0,100.0,44372190.0,K.TVLTPATNHMGNVTFTIPANR.E.HexNAc(3)Hex(6)NeuAc(1),2290790.0,100.0,47957720.0
>sp|TRFE_HUMAN|(Common contaminant protein),432,K.CGLVPVLAENYNK.S.HexNAc(7)Hex(8)NeuAc(1),160330.0,89.87756613044357,74285000.0,K.CGLVPVLAENYNKSDNCEDTPEAGYFAVAVVK.K.HexNAc(3)Hex(4)Fuc(1),3014300.0,88.65140547667862,57729880.0,,,,
>sp|TRFE_HUMAN|(Common contaminant protein),630,R.QQQHLFGSNVTDCSGNFCLFR.S.HexNAc(5)Hex(6)Fuc(1)NeuAc(3),158380.0,10.122433869556438,74285000.0,R.QQQHLFGSNVTDCSGNFCLFR.S.HexNAc(5)Hex(6)NeuAc(3),453500.0,11.348594523321372,57729880.0,,,,
>sp|P02790|HEMO_HUMAN Hemopexin OS=Homo sapiens OX=9606 GN=HPX PE=1 SV=2,187,R.SWPAVGNCSSALR.W.HexNAc(7)Hex(8)NeuAc(1),134960.0,51.23146762314955,179167520.0,K.ERSWPAVGNCSSALR.W.HexNAc(4)Hex(5)NeuAc(2),446920.0,62.424728331305424,127409325.0,K.ERSWPAVGNCSSALR.W.HexNAc(4)Hex(5)NeuAc(2),393460.0,52.30175531338838,160943910.0
>sp|P02790|HEMO_HUMAN Hemopexin OS=Homo sapiens OX=9606 GN=HPX PE=1 SV=2,240,R.NGTGHGNSTHHGPEYMR.C.HexNAc(2)Hex(9); HexNAc(8)Hex(9)Fuc(1),1002400.0,17.164874526365047,179167520.0,R.NGTGHGNSTHHGPEYMR.C.HexNAc(5)Hex(6)NeuAc(3); HexNAc(4)Hex(5)NeuAc(2),848420.0,3.2803015006947103,127409325.0,R.GHGHRNGTGHGNSTHHGPEYMR.C.HexNAc(4)Hex(5)NeuAc(2),792060.0,3.126604790451531,160943910.0
>sp|P02790|HEMO_HUMAN Hemopexin OS=Homo sapiens OX=9606 GN=HPX PE=1 SV=2,246,R.NGTGHGNSTHHGPEYMR.C.HexNAc(4)Hex(5)Fuc(1)NeuAc(2),715190.0,3.7132790586150883,179167520.0,R.NGTGHGNSTHHGPEYMR.C.HexNAc(5)Hex(6)NeuAc(3),648130.0,13.649212881396238,127409325.0,R.NGTGHGNSTHHGPEYMR.C.HexNAc(4)Hex(5)Fuc(1)NeuAc(2),400780.0,0.24901843132803222,160943910.0
>sp|P02790|HEMO_HUMAN Hemopexin OS=Homo sapiens OX=9606 GN=HPX PE=1 SV=2,453,K.ALPQPQNVTSLLGCTH.-.HexNAc(5)Hex(6)Fuc(1)NeuAc(3),394710.0,27.89037879187031,179167520.0,K.ALPQPQNVTSLLGCTH.-.HexNAc(5)Hex(6)NeuAc(2),548680.0,20.64575728660363,127409325.0,K.ALPQPQNVTSLLGCTH.-.HexNAc(4)Hex(5)Fuc(1)NeuAc(2),817570.0,44.32262146483206,160943910.0
>sp|P02763|A1AG1_HUMAN Alpha-1-acid glycoprotein 1 OS=Homo sapiens OX=9606 GN=ORM1 PE=1 SV=1,56,R.NEEYNK.S.HexNAc(5)Hex(6)Fuc(1)NeuAc(2),2952000.0,31.530979120615786,136959020.0,R.NEEYNK.S.HexNAc(5)Hex(6)NeuAc(3),25689800.0,48.240833288448705,105641210.0,R.NEEYNK.S.HexNAc(5)Hex(6)Fuc(1)NeuAc(3),17882000.0,52.74029975927985,121614250.0
>sp|P02763|A1AG1_HUMAN Alpha-1-acid glycoprotein 1 OS=Homo sapiens OX=9606 GN=ORM1 PE=1 SV=1,93,R.QDQCIYNTTYLNVQR.E.HexNAc(7)Hex(8)Fuc(1)NeuAc(4),1039420.0,21.181080296865442,136959020.0,R.QDQCIYNTTYLNVQR.E.HexNAc(7)Hex(8)Fuc(1)NeuAc(4),1323580.0,29.57994328160384,105641210.0,R.QDQCIYNTTYLNVQR.E.HexNAc(7)Hex(8)Fuc(1)NeuAc(4),861810.0,23.425840310654383,121614250.0
>sp|P02763|A1AG1_HUMAN Alpha-1-acid glycoprotein 1 OS=Homo sapiens OX=9606 GN=ORM1 PE=1 SV=1,103,R.ENGTISR.Y.HexNAc(6)Hex(7)Fuc(1)NeuAc(4),12646000.0,47.28794058251877,136959020.0,R.ENGTISR.Y.HexNAc(6)Hex(7)Fuc(1)NeuAc(4),5258700.0,22.179223429947463,105641210.0,R.ENGTISR.Y.HexNAc(6)Hex(7)Fuc(1)NeuAc(4),3039040.0,23.833859930065763,121614250.0
>sp|P08603|CFAH_HUMAN Complement factor H OS=Homo sapiens OX=9606 GN=CFH PE=1 SV=4,217,K.SPDVINGSPISQK.I.HexNAc(4)Hex(5)NeuAc(2),544580.0,0.7852452676636928,69351580.0,K.SPDVINGSPISQK.I.HexNAc(4)Hex(5)NeuAc(2),493560.0,1.1852664436027047,41641270.0,K.SPDVINGSPISQK.I.HexNAc(4)Hex(5)NeuAc(2),952640.0,1.7487150898083341,54476570.0
>sp|P08603|CFAH_HUMAN Complement factor H OS=Homo sapiens OX=9606 GN=CFH PE=1 SV=4,882,K.IPCSQPPQIEHGTINSSR.S.HexNAc(5)Hex(6)NeuAc(3),507340.0,56.51797695164264,69351580.0,K.IPCSQPPQIEHGTINSSR.S.HexNAc(5)Hex(6)NeuAc(3),537610.0,21.88787709884929,41641270.0,K.IPCSQPPQIEHGTINSSR.S.HexNAc(5)Hex(6)NeuAc(3),176380.0,24.33671943736546,54476570.0
>sp|P08603|CFAH_HUMAN Complement factor H OS=Homo sapiens OX=9606 GN=CFH PE=1 SV=4,911,R.ISEENETTCYMGK.W.HexNAc(4)Hex(5)NeuAc(2),8050350.0,13.193138498070267,69351580.0,R.ISEENETTCYMGK.W.HexNAc(4)Hex(5)NeuAc(2),8985450.0,23.89670151750895,41641270.0,R.ISEENETTCYMGK.W.HexNAc(4)Hex(5)NeuAc(2),11566500.0,21.23206361927706,54476570.0
>sp|P08603|CFAH_HUMAN Complement factor H OS=Homo sapiens OX=9606 GN=CFH PE=1 SV=4,1029,K.MDGASNVTCINSR.W.HexNAc(4)Hex(5)NeuAc(2),17436050.0,29.50363928262341,69351580.0,K.MDGASNVTCINSR.W.HexNAc(4)Hex(5)NeuAc(2),20870830.0,53.030154940039054,41641270.0,K.MDGASNVTCINSR.W.HexNAc(4)Hex(5)NeuAc(2),24094540.0,52.68250185354915,54476570.0
>sp|P01042|KNG1_HUMAN Kininogen-1 OS=Homo sapiens OX=9606 GN=KNG1 PE=1 SV=2,48,K.YNSQNQSNNQFVLYR.I.HexNAc(4)Hex(5)NeuAc(2),683470.0,2.972566378994276,22992590.0,,,,,K.KYNSQNQSNNQFVLYR.I.HexNAc(4)Hex(5)NeuAc(2),745540.0,10.489744562759796,16446349.0
>sp|P01042|KNG1_HUMAN Kininogen-1 OS=Homo sapiens OX=9606 GN=KNG1 PE=1 SV=2,169,R.HGIQYFNNNTQHSSLFMLNEVK.R.HexNAc(5)Hex(6)Fuc(1)NeuAc(3),1271170.0,10.551834308357606,22992590.0,R.HGIQYFNNNTQHSSLFMLNEVK.R.HexNAc(5)Hex(6)Fuc(1)NeuAc(3),870050.0,9.629963023407097,28039360.0,R.HGIQYFNNNTQHSSLFMLNEVK.R.HexNAc(5)Hex(6)Fuc(1)NeuAc(3),507460.0,8.678333410047422,16446349.0
>sp|P01042|KNG1_HUMAN Kininogen-1 OS=Homo sapiens OX=9606 GN=KNG1 PE=1 SV=2,294,K.LNAENNATFYFK.I.HexNAc(5)Hex(6)NeuAc(3),1415630.0,12.876061374555889,22992590.0,K.LNAENNATFYFK.I.HexNAc(5)Hex(6)NeuAc(3),1965900.0,12.991202366958445,28039360.0,K.LNAENNATFYFK.I.HexNAc(5)Hex(6)Fuc(1)NeuAc(3),357070.0,13.761230532077363,16446349.0
>sp|P01861|IGHG4_HUMAN Immunoglobulin heavy constant gamma 4 OS=Homo sapiens OX=9606 GN=IGHG4 PE=1 SV=1,177,K.TKPREEQFNSTYR.V.HexNAc(4)Hex(5)Fuc(1)NeuAc(1),3399000.0,100.0,196015850.0,K.TKPREEQFNSTYR.V.HexNAc(4)Hex(5)Fuc(1)NeuAc(1),5285070.0,100.0,177920230.0,K.TKPREEQFNSTYR.V.HexNAc(4)Hex(5)Fuc(1)NeuAc(1),8511400.0,100.0,84538150.0
>sp|P02749|APOH_HUMAN Beta-2-glycoprotein 1 OS=Homo sapiens OX=9606 GN=APOH PE=1 SV=3,162,R.VYKPSAGNNSLYR.D.HexNAc(7)Hex(8)Fuc(1)NeuAc(1),124370.0,89.61252020367849,132302640.0,R.VYKPSAGNNSLYR.D.HexNAc(5)Hex(6)Fuc(1)NeuAc(3),2132310.0,86.35535957991421,106283050.0,R.VYKPSAGNNSLYR.D.HexNAc(5)Hex(6)Fuc(1)NeuAc(3),3014710.0,79.9132249410604,74678140.0
>sp|P02749|APOH_HUMAN Beta-2-glycoprotein 1 OS=Homo sapiens OX=9606 GN=APOH PE=1 SV=3,253,K.LGNWSAMPSCK.A.HexNAc(5)Hex(6)Fuc(1)NeuAc(3),988290.0,10.387479796321525,132302640.0,K.LGNWSAMPSCK.A.HexNAc(5)Hex(6)Fuc(1)NeuAc(3),596330.0,13.6446404200858,106283050.0,K.LGNWSAMPSCK.A.HexNAc(5)Hex(6)NeuAc(3),291390.0,20.086775058939605,74678140.0
>sp|P00734|THRB_HUMAN Prothrombin OS=Homo sapiens OX=9606 GN=F2 PE=1 SV=2,143,R.SRYPHKPEINSTTHPGADLQENFCR.N.HexNAc(4)Hex(5)NeuAc(2),7453200.0,91.37145472356973,18660040.0,R.SRYPHKPEINSTTHPGADLQENFCR.N.HexNAc(4)Hex(6)Fuc(1)NeuAc(1),1026100.0,65.29920902978273,9951070.0,R.SRYPHKPEINSTTHPGADLQENFCR.N.HexNAc(4)Hex(5)NeuAc(2),519440.0,91.25648070315981,7090280.0
>sp|P00734|THRB_HUMAN Prothrombin OS=Homo sapiens OX=9606 GN=F2 PE=1 SV=2,416,K.NFTENDLLVR.I.HexNAc(5)Hex(6)Fuc(1)NeuAc(3),250130.0,8.628545276430275,18660040.0,K.NFTENDLLVR.I.HexNAc(4)Hex(5)NeuAc(2),1403800.0,14.107025676635779,9951070.0,K.NFTENDLLVR.I.HexNAc(5)Hex(6)NeuAc(3),269260.0,8.743519296840182,7090280.0
>sp|P02765|FETUA_HUMAN Alpha-2-HS-glycoprotein OS=Homo sapiens OX=9606 GN=AHSG PE=1 SV=2,156,R.KVCQDCPLLAPLNDTR.V.HexNAc(4)Hex(5)NeuAc(2),211420.0,100.0,30926110.0,K.VCQDCPLLAPLNDTR.V.HexNAc(5)Hex(6)Fuc(1)NeuAc(3),1387360.0,100.0,33842280.0,R.KVCQDCPLLAPLNDTR.V.HexNAc(4)Hex(5)NeuAc(2),293180.0,100.0,15704980.0
>sp|P01860|IGHG3_HUMAN Immunoglobulin heavy constant gamma 3 OS=Homo sapiens OX=9606 GN=IGHG3 PE=1 SV=2,227,K.TKPREEQYNSTFR.V.HexNAc(5)Hex(4)Fuc(1),3699400.0,100.0,65712900.0,K.TKPREEQYNSTFR.V.HexNAc(5)Hex(4)Fuc(1),2975300.0,100.0,47524900.0,K.TKPREEQYNSTFR.V.HexNAc(4)Hex(5)Fuc(1),798840.0,100.0,40059050.0
>sp|P10909|CLUS_HUMAN Clusterin OS=Homo sapiens OX=9606 GN=CLU PE=1 SV=1,86,K.KKEDALNETR.E.HexNAc(5)Hex(6)Fuc(1)NeuAc(3),300010.0,34.56432456560343,60757270.0,K.KKEDALNETR.E.HexNAc(5)Hex(6)NeuAc(3),1052600.0,7.6433377610347755,36738400.0,K.KKEDALNETR.E.HexNAc(5)Hex(6)Fuc(1)NeuAc(2),497330.0,7.939160930908883,53201340.0
>sp|P10909|CLUS_HUMAN Clusterin OS=Homo sapiens OX=9606 GN=CLU PE=1 SV=1,291,R.HNSTGCLR.M.HexNAc(6)Hex(7)NeuAc(2),2713600.0,62.27304156358573,60757270.0,R.HNSTGCLR.M.HexNAc(6)Hex(7)NeuAc(2),1907500.0,81.58956296409207,36738400.0,R.HNSTGCLR.M.HexNAc(6)Hex(7)NeuAc(2),2083100.0,84.55764460068112,53201340.0
>sp|P10909|CLUS_HUMAN Clusterin OS=Homo sapiens OX=9606 GN=CLU PE=1 SV=1,374,R.LANLTQGEDQYYLR.V.HexNAc(5)Hex(6)NeuAc(3),551730.0,3.1626338708108515,60757270.0,R.LANLTQGEDQYYLR.V.HexNAc(7)Hex(8)NeuAc(1),176300.0,10.767099274873157,36738400.0,R.LANLTQGEDQYYLR.V.HexNAc(5)Hex(6)Fuc(1)NeuAc(3),962660.0,7.503194468410006,53201340.0
>sp|P04114|APOB_HUMAN Apolipoprotein B-100 OS=Homo sapiens OX=9606 GN=APOB PE=1 SV=2,1523,R.FNSSYLQGTNQITGR.Y.HexNAc(4)Hex(5)NeuAc(1),1066400.0,2.3586105430599034,45213060.0,R.FNSSYLQGTNQITGR.Y.HexNAc(4)Hex(5)NeuAc(1),711940.0,3.6846101255616013,19321990.0,R.FNSSYLQGTNQITGR.Y.HexNAc(4)Hex(5)NeuAc(1),613220.0,1.809387321660038,33891030.0
>sp|P04114|APOB_HUMAN Apolipoprotein B-100 OS=Homo sapiens OX=9606 GN=APOB PE=1 SV=2,3224,K.SYNETK.I.HexNAc(4)Hex(5)NeuAc(2),6438100.0,14.239469746130876,45213060.0,K.SYNETK.I.HexNAc(4)Hex(5)NeuAc(2),2427300.0,12.562370646087695,19321990.0,K.SYNETK.I.HexNAc(4)Hex(5)NeuAc(2),2626500.0,7.749838231532061,33891030.0
>sp|P04114|APOB_HUMAN Apolipoprotein B-100 OS=Homo sapiens OX=9606 GN=APOB PE=1 SV=2,3411,K.FVEGSHNSTVSLTTK.N.HexNAc(4)Hex(5)NeuAc(2),3703500.0,81.93718806026399,45213060.0,K.FVEGSHNSTVSLTTK.N.HexNAc(4)Hex(5)NeuAc(2),4491700.0,79.47380161153174,19321990.0,K.FVEGSHNSTVSLTTK.N.HexNAc(4)Hex(5)NeuAc(2),4562700.0,88.20313221522036,33891030.0
>sp|P04114|APOB_HUMAN Apolipoprotein B-100 OS=Homo sapiens OX=9606 GN=APOB PE=1 SV=2,3465,K.YDFNSSMLYSTAK.G.HexNAc(4)Hex(5)NeuAc(1),662250.0,1.4647316505452186,45213060.0,K.YDFNSSMLYSTAK.G.HexNAc(4)Hex(5)NeuAc(1),826830.0,4.279217616818971,19321990.0,K.YDFNSSMLYSTAK.G.HexNAc(4)Hex(5)NeuAc(1),758360.0,2.2376422315875324,33891030.0
>sp|P0C0L5|CO4B_HUMAN Complement C4-B OS=Homo sapiens OX=9606 GN=C4B PE=1 SV=2,226,R.FSDGLESNSSTQFEVK.K.HexNAc(2)Hex(10),334160.0,66.99429588800669,7908330.0,R.FSDGLESNSSTQFEVK.K.HexNAc(2)Hex(9),5081400.0,61.208525835500474,8725010.0,R.FSDGLESNSSTQFEVK.K.HexNAc(2)Hex(10),395240.0,33.124414681271894,10485740.0
>sp|P0C0L5|CO4B_HUMAN Complement C4-B OS=Homo sapiens OX=9606 GN=C4B PE=1 SV=2,1328,R.GLNVTLSSTGR.N.HexNAc(4)Hex(5)NeuAc(2),2610200.0,33.0057041119933,7908330.0,R.GLNVTLSSTGR.N.HexNAc(4)Hex(5)NeuAc(2),2958240.0,38.791474164499526,8725010.0,R.GLNVTLSSTGR.N.HexNAc(4)Hex(5)NeuAc(2),7012400.0,66.8755853187281,10485740.0
>sp|P06681|CO2_HUMAN Complement C2 OS=Homo sapiens OX=9606 GN=C2 PE=1 SV=2,621,K.QSVPAHFVALNGSK.L.HexNAc(3)Hex(6)NeuAc(1),2273500.0,100.0,29227370.0,K.QSVPAHFVALNGSK.L.HexNAc(3)Hex(6)NeuAc(1),3399800.0,100.0,17464990.0,K.QSVPAHFVALNGSK.L.HexNAc(4)Hex(5)NeuAc(1),522310.0,100.0,20500150.0
>sp|P01591|IGJ_HUMAN Immunoglobulin J chain OS=Homo sapiens OX=9606 GN=JCHAIN PE=1 SV=4,71,R.IIVPLNNRENISDPTSPLR.T.HexNAc(4)Hex(5)Fuc(1)NeuAc(2),1951520.0,100.0,8728200.0,R.IIVPLNNRENISDPTSPLR.T.HexNAc(4)Hex(5)Fuc(1)NeuAc(2),432390.0,100.0,10246250.0,R.IIVPLNNRENISDPTSPLR.T.HexNAc(4)Hex(5)Fuc(1)NeuAc(2),830170.0,100.0,7994250.0
>sp|P04196|HRG_HUMAN Histidine-rich glycoprotein OS=Homo sapiens OX=9606 GN=HRG PE=1 SV=1,125,R.VIDFNCTTSSVSSALANTK.D.HexNAc(4)Hex(5)NeuAc(2),302880.0,15.803683720668612,22756340.0,R.VIDFNCTTSSVSSALANTK.D.HexNAc(4)Hex(5)NeuAc(1),2612600.0,100.0,2803310.0,R.VIDFNCTTSSVSSALANTK.D.HexNAc(4)Hex(5)NeuAc(2),7226850.0,67.00572067059741,15160810.0
>sp|P04196|HRG_HUMAN Histidine-rich glycoprotein OS=Homo sapiens OX=9606 GN=HRG PE=1 SV=1,345,R.HSHNNNSSDLHPHK.H.HexNAc(4)Hex(5)NeuAc(2),19160000.0,84.19631627933138,22756340.0,,,,,R.HSHNNNSSDLHPHK.H.HexNAc(4)Hex(5)NeuAc(2),2075300.0,13.688582602116906,15160810.0
>sp|P01009|A1AT_HUMAN Alpha-1-antitrypsin OS=Homo sapiens OX=9606 GN=SERPINA1 PE=1 SV=3,271,K.YLGNATAIFFLPDEGK.L.HexNAc(4)Hex(5)NeuAc(1),196910.0,100.0,196910.0,,,,,,,,
>sp|P05090|APOD_HUMAN Apolipoprotein D OS=Homo sapiens OX=9606 GN=APOD PE=1 SV=1,98,R.ADGTVNQIEGEATPVNLTEPAK.L.HexNAc(5)Hex(6)Fuc(1)NeuAc(1),168050.0,100.0,2192160.0,R.ADGTVNQIEGEATPVNLTEPAK.L.HexNAc(5)Hex(6)Fuc(1)NeuAc(1),157370.0,100.0,2163410.0,R.ADGTVNQIEGEATPVNLTEPAK.L.HexNAc(5)Hex(6)Fuc(1)NeuAc(1),139810.0,100.0,1384750.0
>sp|P25311|ZA2G_HUMAN Zinc-alpha-2-glycoprotein OS=Homo sapiens OX=9606 GN=AZGP1 PE=1 SV=2,112,K.DIVEYYNDSNGSHVLQGR.F.HexNAc(4)Hex(5)Fuc(1)NeuAc(2),535910.0,4.177374936373975,12828870.0,K.DIVEYYNDSNGSHVLQGR.F.HexNAc(4)Hex(5)NeuAc(2),798800.0,7.783488830966359,10262750.0,,,,
>sp|P25311|ZA2G_HUMAN Zinc-alpha-2-glycoprotein OS=Homo sapiens OX=9606 GN=AZGP1 PE=1 SV=2,128,R.FGCEIENNR.S.HexNAc(5)Hex(6)NeuAc(3),525690.0,95.82262506362602,12828870.0,R.FGCEIENNR.S.HexNAc(5)Hex(6)NeuAc(3),743750.0,92.21651116903364,10262750.0,R.FGCEIENNR.S.HexNAc(5)Hex(6)NeuAc(3),1039630.0,95.92298658720026,10550370.0
>sp|P05546|HEP2_HUMAN Heparin cofactor 2 OS=Homo sapiens OX=9606 GN=SERPIND1 PE=1 SV=3,49,K.NLSMPLLPADFHK.E.HexNAc(4)Hex(5)Fuc(1)NeuAc(2),689960.0,18.58878193107472,11518560.0,K.NLSMPLLPADFHK.E.HexNAc(5)Hex(6)NeuAc(3),655640.0,43.53233417058957,14428080.0,K.NLSMPLLPADFHK.E.HexNAc(4)Hex(5)Fuc(1)NeuAc(2),1423100.0,50.290211326186316,17118560.0
>sp|P05546|HEP2_HUMAN Heparin cofactor 2 OS=Homo sapiens OX=9606 GN=SERPIND1 PE=1 SV=3,188,K.DFVNASSK.Y.HexNAc(4)Hex(5)NeuAc(2),9377400.0,81.41121806892528,11518560.0,K.DFVNASSK.Y.HexNAc(4)Hex(5)NeuAc(2),8147200.0,56.46766582941043,14428080.0,K.DFVNASSK.Y.HexNAc(4)Hex(5)NeuAc(2),8509600.0,49.70978867381369,17118560.0
>sp|P43652|AFAM_HUMAN Afamin OS=Homo sapiens OX=9606 GN=AFM PE=1 SV=1,33,R.DIENFNSTQK.F.HexNAc(4)Hex(5)NeuAc(2),1571100.0,4.662211486530598,33698600.0,R.DIENFNSTQK.F.HexNAc(4)Hex(5)NeuAc(2),3449300.0,75.77548330404218,4552000.0,R.DIENFNSTQK.F.HexNAc(4)Hex(5)NeuAc(2),3654200.0,7.34338388080817,49761800.0
>sp|P43652|AFAM_HUMAN Afamin OS=Homo sapiens OX=9606 GN=AFM PE=1 SV=1,109,K.HNFSHCCSK.V.HexNAc(4)Hex(5)NeuAc(2),25856000.0,76.7272230893865,33698600.0,K.HNFSHCCSK.V.HexNAc(4)Hex(5)NeuAc(1),1102700.0,24.22451669595782,4552000.0,K.HNFSHCCSK.V.HexNAc(4)Hex(5)NeuAc(2),42130000.0,84.66333613333923,49761800.0
>sp|P43652|AFAM_HUMAN Afamin OS=Homo sapiens OX=9606 GN=AFM PE=1 SV=1,402,R.YAEDKFNETTEK.S.HexNAc(4)Hex(5)NeuAc(2),6271500.0,18.6105654240829,33698600.0,,,,,R.YAEDKFNETTEK.S.HexNAc(4)Hex(5)NeuAc(2),3977600.0,7.993279985852602,49761800.0
>sp|P05156|CFAI_HUMAN Complement factor I OS=Homo sapiens OX=9606 GN=CFI PE=1 SV=2,70,K.NGTAVCATNR.R.HexNAc(4)Hex(5)NeuAc(2),6044800.0,45.75759455714788,19342800.0,K.NGTAVCATNR.R.HexNAc(4)Hex(5)NeuAc(1),2516300.0,19.012308926786403,13235110.0,K.NGTAVCATNR.R.HexNAc(4)Hex(5)NeuAc(1),2067900.0,22.244333767197702,9296300.0
>sp|P01266|THYG_HUMAN Thyroglobulin OS=Homo sapiens OX=9606 GN=TG PE=1 SV=5,2122,R.HFDVAHVSTAATSNFSAVR.D.HexNAc(2)Hex(8),572930.0,100.0,1552520.0,R.HFDVAHVSTAATSNFSAVR.D.HexNAc(2)Hex(8),747650.0,78.74514644645662,2559980.0,R.HFDVAHVSTAATSNFSAVR.D.HexNAc(2)Hex(9),742340.0,100.0,2692380.0
>sp|P07357|CO8A_HUMAN Complement component C8 alpha chain OS=Homo sapiens OX=9606 GN=C8A PE=1 SV=2,437,R.GGSSGWSGGLAQNR.S.HexNAc(4)Hex(5)NeuAc(2),6267140.0,100.0,14185640.0,R.GGSSGWSGGLAQNR.S.HexNAc(4)Hex(5)NeuAc(2),11740650.0,100.0,18178850.0,R.GGSSGWSGGLAQNR.S.HexNAc(4)Hex(5)NeuAc(2),694690.0,100.0,5489890.0
>sp|P01019|ANGT_HUMAN Angiotensinogen OS=Homo sapiens OX=9606 GN=AGT PE=1 SV=1,47,R.VYIHPFHLVIHNESTCEQLAK.A.HexNAc(4)Hex(5)NeuAc(2),1183600.0,18.02564649264415,6566200.0,,,,,R.VYIHPFHLVIHNESTCEQLAK.A.HexNAc(4)Hex(5)NeuAc(2),1773440.0,100.0,1773440.0
>sp|P01019|ANGT_HUMAN Angiotensinogen OS=Homo sapiens OX=9606 GN=AGT PE=1 SV=1,170,K.NCTSR.L.HexNAc(4)Hex(5)NeuAc(2),5382600.0,81.97435350735586,6566200.0,,,,,,,,
>sp|O75882|ATRN_HUMAN Attractin OS=Homo sapiens OX=9606 GN=ATRN PE=1 SV=2,731,R.NHSCSEGQISIFR.Y.HexNAc(4)Hex(5)NeuAc(2),2645500.0,69.51177535517876,3805830.0,R.NHSCSEGQISIFR.Y.HexNAc(4)Hex(5)NeuAc(2),2341800.0,81.74050235259624,2864920.0,R.NHSCSEGQISIFR.Y.HexNAc(4)Hex(5)NeuAc(2),2655800.0,100.0,2942490.0
>sp|O75882|ATRN_HUMAN Attractin OS=Homo sapiens OX=9606 GN=ATRN PE=1 SV=2,914,K.AATCINPLNGSVCERPANHSAK.Q.HexNAc(2)Hex(3); HexNAc(6)Hex(7)NeuAc(4),1160330.0,30.488224644821234,3805830.0,K.AATCINPLNGSVCERPANHSAK.Q.HexNAc(2)Hex(3); HexNAc(6)Hex(7)NeuAc(4),523120.0,18.259497647403766,2864920.0,,,,
>sp|P49908|SEPP1_HUMAN Selenoprotein P OS=Homo sapiens OX=9606 GN=SELENOP PE=1 SV=3,83,K.EGYSNISYIVVNHQGISSR.L.HexNAc(4)Hex(5)NeuAc(2),1066240.0,40.05349281002539,2662040.0,K.EGYSNISYIVVNHQGISSR.L.HexNAc(4)Hex(5)NeuAc(2),456780.0,30.964356892040296,1475180.0,,,,
>sp|P49908|SEPP1_HUMAN Selenoprotein P OS=Homo sapiens OX=9606 GN=SELENOP PE=1 SV=3,174,K.CGNCSLTTLK.D.HexNAc(4)Hex(5)NeuAc(2),1595800.0,59.94650718997461,2662040.0,K.CGNCSLTTLK.D.HexNAc(4)Hex(5)NeuAc(2),1018400.0,69.03564310795971,1475180.0,K.CGNCSLTTLK.D.HexNAc(4)Hex(5)NeuAc(2),1044700.0,100.0,1044700.0
>sp|P02679|FIBG_HUMAN Fibrinogen gamma chain OS=Homo sapiens OX=9606 GN=FGG PE=1 SV=3,78,K.DLQSLEDILHQVENK.T.HexNAc(4)Hex(5)NeuAc(1),340240.0,100.0,340240.0,K.DLQSLEDILHQVENK.T.HexNAc(4)Hex(5)NeuAc(1),6893500.0,100.0,6893500.0,K.DLQSLEDILHQVENK.T.HexNAc(4)Hex(5)NeuAc(1),435560.0,100.0,435560.0
>sp|Q08380|LG3BP_HUMAN Galectin-3-binding protein OS=Homo sapiens OX=9606 GN=LGALS3BP PE=1 SV=1,69,R.ALGFENATQALGR.A.HexNAc(5)Hex(6)NeuAc(3),334950.0,15.968858461421107,2097520.0,,,,,,,,
>sp|Q08380|LG3BP_HUMAN Galectin-3-binding protein OS=Homo sapiens OX=9606 GN=LGALS3BP PE=1 SV=1,551,K.AAIPSALDTNSSK.S.HexNAc(4)Hex(5)Fuc(1)NeuAc(1),485370.0,84.0311415385789,2097520.0,K.AAIPSALDTNSSK.S.HexNAc(4)Hex(5)Fuc(1)NeuAc(1),792860.0,100.0,792860.0,K.AAIPSALDTNSSK.S.HexNAc(4)Hex(5)Fuc(1)NeuAc(1),331130.0,100.0,331130.0
>sp|P00747|PLMN_HUMAN Plasminogen OS=Homo sapiens OX=9606 GN=PLG PE=1 SV=2,308,R.GNVAVTVSGHTCQHWSAQTPHTHNR.T.HexNAc(3)Hex(4)NeuAc(1),1578000.0,100.0,1578000.0,R.GNVAVTVSGHTCQHWSAQTPHTHNR.T.HexNAc(4)Hex(5)NeuAc(2),5475000.0,100.0,5475000.0,R.GNVAVTVSGHTCQHWSAQTPHTHNR.T.HexNAc(4)Hex(5)NeuAc(2),7694900.0,100.0,7694900.0
>sp|P01876|IGHA1_HUMAN Immunoglobulin heavy constant alpha 1 OS=Homo sapiens OX=9606 GN=IGHA1 PE=1 SV=2,340,R.LAGKPTHVNVSVVMAEVDGTC.Y.HexNAc(6)Hex(6)NeuAc(2),1375940.0,100.0,2565890.0,R.LAGKPTHVNVSVVMAEVDGTC.Y.HexNAc(6)Hex(6)NeuAc(2),455720.0,100.0,2545490.0,R.LAGKPTHVNVSVVMAEVDGTC.Y.HexNAc(4)Hex(5)Fuc(1)NeuAc(2),447220.0,100.0,447220.0
>sp|P04278|SHBG_HUMAN Sex hormone-binding globulin OS=Homo sapiens OX=9606 GN=SHBG PE=1 SV=2,396,R.SHEIWTHSCPQSPGNGTDASH.-.HexNAc(4)Hex(5)NeuAc(2),438380.0,100.0,438380.0,,,,,R.SHEIWTHSCPQSPGNGTDASH.-.HexNAc(4)Hex(5)NeuAc(2),360510.0,100.0,360510.0
>sp|P20851|C4BPB_HUMAN C4b-binding protein beta chain OS=Homo sapiens OX=9606 GN=C4BPB PE=1 SV=1,64,K.TLFCNASK.E.HexNAc(4)Hex(5)NeuAc(2),3436100.0,85.35841812248032,6511250.0,K.TLFCNASK.E.HexNAc(4)Hex(5)NeuAc(2),2482400.0,70.00761442793085,3545900.0,K.TLFCNASK.E.HexNAc(4)Hex(5)NeuAc(2),2333400.0,71.99318758214702,3241140.0
>sp|P19823|ITIH2_HUMAN Inter-alpha-trypsin inhibitor heavy chain H2 OS=Homo sapiens OX=9606 GN=ITIH2 PE=1 SV=2,118,K.GAFISNFSMTVDGK.T.HexNAc(4)Hex(5)NeuAc(2),626450.0,100.0,626450.0,,,,,,,,
>sp|P03952|KLKB1_HUMAN Plasma kallikrein OS=Homo sapiens OX=9606 GN=KLKB1 PE=1 SV=1,127,R.GVNFNVSK.V.HexNAc(4)Hex(5)NeuAc(2),1636500.0,71.91320320258738,2275660.0,,,,,,,,
>sp|P03952|KLKB1_HUMAN Plasma kallikrein OS=Homo sapiens OX=9606 GN=KLKB1 PE=1 SV=1,494,K.LQAPLNYTEFQK.P.HexNAc(4)Hex(5)NeuAc(2),639160.0,28.086796797412617,2275660.0,K.LQAPLNYTEFQK.P.HexNAc(5)Hex(6)NeuAc(3),278860.0,13.742454199948225,7996170.0,K.LQAPLNYTEFQK.P.HexNAc(4)Hex(5)Fuc(1)NeuAc(2),147810.0,15.232771652182194,5669290.0
>sp|P02745|C1QA_HUMAN Complement C1q subcomponent subunit A OS=Homo sapiens OX=9606 GN=C1QA PE=1 SV=2,146,R.RNPPMGGNVVIFDTVITNQEEPYQNHSGR.F.HexNAc(4)Hex(5)Fuc(1)NeuAc(1),266180.0,100.0,266180.0,,,,,,,,
>sp|P08519|APOA_HUMAN Apolipoprotein(a) OS=Homo sapiens OX=9606 GN=LPA PE=1 SV=1,61,R.TCQAWSSMTPHQHNR.T.HexNAc(4)Hex(5)NeuAc(2),821740.0,100.0,821740.0,,,,,,,,
>sp|P01011|AACT_HUMAN Alpha-1-antichymotrypsin OS=Homo sapiens OX=9606 GN=SERPINA3 PE=1 SV=2,186,K.NGTR.G.HexNAc(5)Hex(6)NeuAc(3),8617900.0,85.49249526303781,10080300.0,,,,,,,,
>sp|Q02985|FHR3_HUMAN Complement factor H-related protein 3 OS=Homo sapiens OX=9606 GN=CFHR3 PE=1 SV=2,108,K.FVQGNSTEVACHPGYGLPK.A.HexNAc(4)Hex(5)NeuAc(2),888160.0,100.0,888160.0,R.KFVQGNSTEVACHPGYGLPK.A.HexNAc(4)Hex(5)NeuAc(2),245110.0,100.0,890180.0,K.FVQGNSTEVACHPGYGLPK.A.HexNAc(4)Hex(5)NeuAc(2),722350.0,100.0,722350.0
>sp|P02751|FINC_HUMAN Fibronectin OS=Homo sapiens OX=9606 GN=FN1 PE=1 SV=4,542,K.RHEEGHMLNCTCFGQGR.G.HexNAc(4)Hex(5)NeuAc(2),2171900.0,100.0,2171900.0,K.RHEEGHMLNCTCFGQGR.G.HexNAc(4)Hex(5)NeuAc(2),2282330.0,100.0,4127520.0,K.RHEEGHMLNCTCFGQGR.G.HexNAc(4)Hex(5)NeuAc(2),872010.0,90.54169660883551,3214530.0
>sp|Q9NZP8|C1RL_HUMAN Complement C1r subcomponent-like protein OS=Homo sapiens OX=9606 GN=C1RL PE=1 SV=2,242,R.PVTPIAQNQTTLGSSR.A.HexNAc(4)Hex(5)NeuAc(2),1586700.0,100.0,1586700.0,,,,,R.PVTPIAQNQTTLGSSR.A.HexNAc(4)Hex(5)NeuAc(2),2652200.0,100.0,2652200.0
>sp|P00748|FA12_HUMAN Coagulation factor XII OS=Homo sapiens OX=9606 GN=F12 PE=1 SV=3,433,R.NHSCEPCQTLAVR.S.HexNAc(4)Hex(5)NeuAc(2),6420600.0,100.0,6420600.0,R.NHSCEPCQTLAVR.S.HexNAc(4)Hex(5)NeuAc(2),5858300.0,100.0,5858300.0,R.NHSCEPCQTLAVR.S.HexNAc(4)Hex(5)NeuAc(2),5249800.0,86.86975658994258,6043300.0
>sp|P26927|HGFL_HUMAN Hepatocyte growth factor-like protein OS=Homo sapiens OX=9606 GN=MST1 PE=1 SV=2,296,R.GTANTTTAGVPCQR.W.HexNAc(4)Hex(5)NeuAc(2),949070.0,100.0,949070.0,R.GTANTTTAGVPCQR.W.HexNAc(4)Hex(5)NeuAc(2),5448000.0,100.0,5448000.0,R.GTANTTTAGVPCQR.W.HexNAc(4)Hex(5)NeuAc(2),3982200.0,100.0,3982200.0
>sp|P36980|FHR2_HUMAN Complement factor H-related protein 2 OS=Homo sapiens OX=9606 GN=CFHR2 PE=1 SV=1,126,R.LQNNENNISCVER.G.HexNAc(4)Hex(5)NeuAc(2),771750.0,100.0,771750.0,R.LQNNENNISCVER.G.HexNAc(4)Hex(5)NeuAc(2),7000600.0,100.0,7000600.0,R.LQNNENNISCVER.G.HexNAc(4)Hex(5)NeuAc(2),2871160.0,100.0,2871160.0
>sp|Q04756|HGFA_HUMAN Hepatocyte growth factor activator OS=Homo sapiens OX=9606 GN=HGFAC PE=1 SV=1,290,R.CFLGNGTGYR.G.HexNAc(4)Hex(5)NeuAc(2),868720.0,100.0,868720.0,,,,,,,,
>sp|O75473|LGR5_HUMAN Leucine-rich repeat-containing G-protein coupled receptor 5 OS=Homo sapiens OX=9606 GN=LGR5 PE=1 SV=1,500,K.GDNSSMDDLHK.K.HexNAc(5)Hex(3)Fuc(1),349930.0,100.0,3251230.0,,,,,,,,
>sp|Q9UGM5|FETUB_HUMAN Fetuin-B OS=Homo sapiens OX=9606 GN=FETUB PE=1 SV=2,136,R.VLYLAAYNCTLRPVSK.K.HexNAc(4)Hex(5)NeuAc(2),1387800.0,100.0,1387800.0,,,,,,,,
>sp|Q9UHG3|PCYOX_HUMAN Prenylcysteine oxidase 1 OS=Homo sapiens OX=9606 GN=PCYOX1 PE=1 SV=3,353,K.GELNTSIFSSRPIDK.F.HexNAc(4)Hex(5)NeuAc(1),540790.0,100.0,540790.0,,,,,,,,
>sp|P05543|THBG_HUMAN Thyroxine-binding globulin OS=Homo sapiens OX=9606 GN=SERPINA7 PE=1 SV=2,36,K.VTACHSSQPNATLYK.M.HexNAc(4)Hex(5)NeuAc(2),7089300.0,100.0,7089300.0,K.VTACHSSQPNATLYK.M.HexNAc(4)Hex(5)NeuAc(2),22669100.0,100.0,22669100.0,K.VTACHSSQPNATLYK.M.HexNAc(4)Hex(5)Fuc(1)NeuAc(2),299720.0,100.0,6870420.0
>sp|P00734|THRB_HUMAN Prothrombin OS=Homo sapiens OX=9606 GN=F2 PE=1 SV=2,121,,,,,R.GHVNITR.S.HexNAc(4)Hex(5)NeuAc(1),2049300.0,20.593765293581495,9951070.0,,,,
>sp|P01266|THYG_HUMAN Thyroglobulin OS=Homo sapiens OX=9606 GN=TG PE=1 SV=5,947,,,,,R.ETEEIVSASNSSR.F.HexNAc(4)Hex(5)Fuc(1)NeuAc(1),544120.0,21.254853553543388,2559980.0,,,,
>sp|P23467|PTPRB_HUMAN Receptor-type tyrosine-protein phosphatase beta OS=Homo sapiens OX=9606 GN=PTPRB PE=1 SV=3,1470,,,,,K.SSINFTVNCSWFSDTNGAVK.Y.HexNAc(4)Hex(6),596660.0,100.0,819730.0,,,,
>sp|P01011|AACT_HUMAN Alpha-1-antichymotrypsin OS=Homo sapiens OX=9606 GN=SERPINA3 PE=1 SV=2,271,,,,,K.YTGNASALFILPDQDK.M.HexNAc(6)Hex(7)Fuc(1)NeuAc(4),326460.0,100.0,3141530.0,K.YTGNASALFILPDQDK.M.HexNAc(5)Hex(6)NeuAc(3),1164240.0,100.0,1164240.0
>sp|P02750|A2GL_HUMAN Leucine-rich alpha-2-glycoprotein OS=Homo sapiens OX=9606 GN=LRG1 PE=1 SV=2,186,,,,,R.KLPPGLLANFTLLR.T.HexNAc(4)Hex(5)NeuAc(2),944640.0,15.42939464322465,6122340.0,R.KLPPGLLANFTLLR.T.HexNAc(4)Hex(5)NeuAc(2),1353910.0,20.65552861987792,6554710.0
>sp|P02750|A2GL_HUMAN Leucine-rich alpha-2-glycoprotein OS=Homo sapiens OX=9606 GN=LRG1 PE=1 SV=2,325,,,,,K.MFSQNDTR.C.HexNAc(5)Hex(6)Fuc(1)NeuAc(3),1295900.0,84.57060535677535,6122340.0,K.MFSQNDTR.C.HexNAc(5)Hex(6)Fuc(1)NeuAc(3),1004200.0,79.34447138012209,6554710.0
>sp|P05155|IC1_HUMAN Plasma protease C1 inhibitor OS=Homo sapiens OX=9606 GN=SERPING1 PE=1 SV=2,238,,,,,R.DTFVNASR.T.HexNAc(5)Hex(6)NeuAc(3),2778700.0,98.4444729942836,14166260.0,R.DTFVNASR.T.HexNAc(5)Hex(6)NeuAc(3),1960500.0,100.0,9261670.0
>sp|P51884|LUM_HUMAN Lumican OS=Homo sapiens OX=9606 GN=LUM PE=1 SV=2,127,,,,,K.LHINHNNLTESVGPLPK.S.HexNAc(5)Hex(6)Fuc(1)NeuAc(1),291790.0,100.0,1485220.0,K.LHINHNNLTESVGPLPK.S.HexNAc(5)Hex(6)Fuc(1)NeuAc(1),419670.0,100.0,1814290.0
>sp|O75636|FCN3_HUMAN Ficolin-3 OS=Homo sapiens OX=9606 GN=FCN3 PE=1 SV=2,189,,,,,R.VELEDFNGNR.T.HexNAc(4)Hex(5)Fuc(1)NeuAc(2),347620.0,100.0,730320.0,,,,
>sp|P10643|CO7_HUMAN Complement component C7 OS=Homo sapiens OX=9606 GN=C7 PE=1 SV=2,754,,,,,R.NYTLTGR.D.HexNAc(4)Hex(5)Fuc(1)NeuAc(2),3463400.0,100.0,5459040.0,,,,
>sp|Q9Y5Y7|LYVE1_HUMAN Lymphatic vessel endothelial hyaluronic acid receptor 1 OS=Homo sapiens OX=9606 GN=LYVE1 PE=1 SV=2,53,,,,,K.ANQQLNFTEAK.E.HexNAc(5)Hex(6)NeuAc(2),339320.0,100.0,691260.0,K.ANQQLNFTEAK.E.HexNAc(5)Hex(6)NeuAc(1),405860.0,100.0,405860.0
>sp|P0DOX3|IGD_HUMAN Immunoglobulin delta heavy chain OS=Homo sapiens OX=9606 PE=1 SV=1,496,,,,,R.TLLNASR.S.HexNAc(5)Hex(5)Fuc(1)NeuAc(2),1913500.0,100.0,3530200.0,,,,
>sp|P22792|CPN2_HUMAN Carboxypeptidase N subunit 2 OS=Homo sapiens OX=9606 GN=CPN2 PE=1 SV=3,74,,,,,R.AFGSNPNLTK.V.HexNAc(4)Hex(5)NeuAc(2),1624600.0,100.0,1624600.0,,,,
>sp|P01008|ANT3_HUMAN Antithrombin-III OS=Homo sapiens OX=9606 GN=SERPINC1 PE=1 SV=1,224,,,,,K.WVSNKTEGR.I.HexNAc(4)Hex(5)NeuAc(2),2596800.0,100.0,2596800.0,,,,
>sp|P82987|ATL3_HUMAN ADAMTS-like protein 3 OS=Homo sapiens OX=9606 GN=ADAMTSL3 PE=1 SV=4,1330,,,,,K.GVPQPNITWLKR.G.HexNAc(5)Hex(6)NeuAc(2),1531900.0,100.0,1531900.0,,,,
>sp|P04070|PROC_HUMAN Vitamin K-dependent protein C OS=Homo sapiens OX=9606 GN=PROC PE=1 SV=1,290,,,,,K.EVFVHPNYSK.S.HexNAc(4)Hex(5)NeuAc(2),805950.0,100.0,805950.0,,,,
>sp|P00738|HPT_HUMAN Haptoglobin OS=Homo sapiens OX=9606 GN=HP PE=1 SV=1,211,,,,,,,,,K.NLFLNHSENATAK.D.HexNAc(5)Hex(6)NeuAc(3),200070.0,0.09965534800347854,200761930.0
>sp|P01877|IGHA2_HUMAN Immunoglobulin heavy constant alpha 2 OS=Homo sapiens OX=9606 GN=IGHA2 PE=1 SV=4,327,,,,,,,,,R.MAGKPTHINVSVVMAEADGTC.Y.HexNAc(5)Hex(5)NeuAc(1),518650.0,0.1546975115578712,335267190.0
>sp|P02787|TRFE_HUMAN Serotransferrin OS=Homo sapiens OX=9606 GN=TF PE=1 SV=3,432,,,,,,,,,K.CGLVPVLAENYNK.S.HexNAc(5)Hex(6)NeuAc(3),346190.0,68.81504627758467,23752320.0
>sp|P02787|TRFE_HUMAN Serotransferrin OS=Homo sapiens OX=9606 GN=TF PE=1 SV=3,630,,,,,,,,,R.QQQHLFGSNVTDCSGNFCLFR.S.HexNAc(4)Hex(5)Fuc(1)NeuAc(2),218120.0,31.184953722415326,23752320.0
>sp|P02751|FINC_HUMAN Fibronectin OS=Homo sapiens OX=9606 GN=FN1 PE=1 SV=4,1007,,,,,,,,,K.LDAPTNLQFVNETDSTVLVR.W.HexNAc(4)Hex(5)NeuAc(2),304040.0,9.458303391164494,3214530.0
>sp|P04196|HRG_HUMAN Histidine-rich glycoprotein OS=Homo sapiens OX=9606 GN=HRG PE=1 SV=1,344,,,,,,,,,R.HSHNNNSSDLHPHK.H.HexNAc(1)Fuc(1); HexNAc(2)Hex(9),2926900.0,19.305696727285678,15160810.0
>sp|P27169|PON1_HUMAN Serum paraoxonase/arylesterase 1 OS=Homo sapiens OX=9606 GN=PON1 PE=1 SV=3,324,,,,,,,,,K.VTQVYAENGTVLQGSTVASVYK.G.HexNAc(5)Hex(6)NeuAc(3),450200.0,9.900380445539112,4547300.0
>sp|P00748|FA12_HUMAN Coagulation factor XII OS=Homo sapiens OX=9606 GN=F12 PE=1 SV=3,249,,,,,,,,,R.NVTAEQAR.N.HexNAc(4)Hex(5)NeuAc(2),793500.0,13.130243410057417,6043300.0
>Reverse >sp|P11413|G6PD_HUMAN Glucose-6-phosphate 1-dehydrogenase OS=Homo sapiens OX=9606 GN=G6PD PE=1 SV=4,363,,,,,,,,,R.NWGIQSMCSEHINK.T.HexNAc(5)Hex(5)Fuc(1)NeuAc(1),1772500.0,100.0,1772500.0
>sp|P04275|VWF_HUMAN von Willebrand factor OS=Homo sapiens OX=9606 GN=VWF PE=1 SV=4,666,,,,,,,,,K.GQVYLQCGTPCNLTCR.S.HexNAc(4)Hex(5)Fuc(1)NeuAc(1),301640.0,100.0,301640.0
